config_sha256,graph_sha256,size_label,algorithm,batch,iterations,total_ns,mean_ns
c83d8365852721fe3372a2c42cce1e5d67527b6c1f4a43aa2ece2a824427301d,370869aad4fc5ba62b573e23a0f12a94d61204b63ba5af31b5a8e10d3d342c84,n4,dfs,1,1000,3809200,3809.2
c83d8365852721fe3372a2c42cce1e5d67527b6c1f4a43aa2ece2a824427301d,370869aad4fc5ba62b573e23a0f12a94d61204b63ba5af31b5a8e10d3d342c84,n4,dfs,2,1000,1783400,1783.4
c83d8365852721fe3372a2c42cce1e5d67527b6c1f4a43aa2ece2a824427301d,370869aad4fc5ba62b573e23a0f12a94d61204b63ba5af31b5a8e10d3d342c84,n4,dfs,3,1000,2099500,2099.5
c83d8365852721fe3372a2c42cce1e5d67527b6c1f4a43aa2ece2a824427301d,370869aad4fc5ba62b573e23a0f12a94d61204b63ba5af31b5a8e10d3d342c84,n4,dfs,4,1000,1997300,1997.3
c83d8365852721fe3372a2c42cce1e5d67527b6c1f4a43aa2ece2a824427301d,370869aad4fc5ba62b573e23a0f12a94d61204b63ba5af31b5a8e10d3d342c84,n4,dfs,5,1000,1722300,1722.3
c83d8365852721fe3372a2c42cce1e5d67527b6c1f4a43aa2ece2a824427301d,370869aad4fc5ba62b573e23a0f12a94d61204b63ba5af31b5a8e10d3d342c84,n4,dfs,6,1000,2228300,2228.3
c83d8365852721fe3372a2c42cce1e5d67527b6c1f4a43aa2ece2a824427301d,370869aad4fc5ba62b573e23a0f12a94d61204b63ba5af31b5a8e10d3d342c84,n4,dfs,7,1000,2253100,2253.1
c83d8365852721fe3372a2c42cce1e5d67527b6c1f4a43aa2ece2a824427301d,370869aad4fc5ba62b573e23a0f12a94d61204b63ba5af31b5a8e10d3d342c84,n4,dfs,8,1000,2210700,2210.7
c83d8365852721fe3372a2c42cce1e5d67527b6c1f4a43aa2ece2a824427301d,370869aad4fc5ba62b573e23a0f12a94d61204b63ba5af31b5a8e10d3d342c84,n4,dfs,9,1000,2494400,2494.4
c83d8365852721fe3372a2c42cce1e5d67527b6c1f4a43aa2ece2a824427301d,370869aad4fc5ba62b573e23a0f12a94d61204b63ba5af31b5a8e10d3d342c84,n4,dfs,10,1000,1732200,1732.2
c83d8365852721fe3372a2c42cce1e5d67527b6c1f4a43aa2ece2a824427301d,370869aad4fc5ba62b573e23a0f12a94d61204b63ba5af31b5a8e10d3d342c84,n4,dijkstra,1,1000,3944500,3944.5
c83d8365852721fe3372a2c42cce1e5d67527b6c1f4a43aa2ece2a824427301d,370869aad4fc5ba62b573e23a0f12a94d61204b63ba5af31b5a8e10d3d342c84,n4,dijkstra,2,1000,1801000,1801
c83d8365852721fe3372a2c42cce1e5d67527b6c1f4a43aa2ece2a824427301d,370869aad4fc5ba62b573e23a0f12a94d61204b63ba5af31b5a8e10d3d342c84,n4,dijkstra,3,1000,1910000,1910
c83d8365852721fe3372a2c42cce1e5d67527b6c1f4a43aa2ece2a824427301d,370869aad4fc5ba62b573e23a0f12a94d61204b63ba5af31b5a8e10d3d342c84,n4,dijkstra,4,1000,2033700,2033.7
c83d8365852721fe3372a2c42cce1e5d67527b6c1f4a43aa2ece2a824427301d,370869aad4fc5ba62b573e23a0f12a94d61204b63ba5af31b5a8e10d3d342c84,n4,dijkstra,5,1000,1647600,1647.6
c83d8365852721fe3372a2c42cce1e5d67527b6c1f4a43aa2ece2a824427301d,370869aad4fc5ba62b573e23a0f12a94d61204b63ba5af31b5a8e10d3d342c84,n4,dijkstra,6,1000,1800800,1800.8
c83d8365852721fe3372a2c42cce1e5d67527b6c1f4a43aa2ece2a824427301d,370869aad4fc5ba62b573e23a0f12a94d61204b63ba5af31b5a8e10d3d342c84,n4,dijkstra,7,1000,1712700,1712.7
c83d8365852721fe3372a2c42cce1e5d67527b6c1f4a43aa2ece2a824427301d,370869aad4fc5ba62b573e23a0f12a94d61204b63ba5af31b5a8e10d3d342c84,n4,dijkstra,8,1000,1746900,1746.9
c83d8365852721fe3372a2c42cce1e5d67527b6c1f4a43aa2ece2a824427301d,370869aad4fc5ba62b573e23a0f12a94d61204b63ba5af31b5a8e10d3d342c84,n4,dijkstra,9,1000,1767100,1767.1
c83d8365852721fe3372a2c42cce1e5d67527b6c1f4a43aa2ece2a824427301d,370869aad4fc5ba62b573e23a0f12a94d61204b63ba5af31b5a8e10d3d342c84,n4,dijkstra,10,1000,1173400,1173.4
c83d8365852721fe3372a2c42cce1e5d67527b6c1f4a43aa2ece2a824427301d,370869aad4fc5ba62b573e23a0f12a94d61204b63ba5af31b5a8e10d3d342c84,n4,astar,1,1000,1909000,1909
c83d8365852721fe3372a2c42cce1e5d67527b6c1f4a43aa2ece2a824427301d,370869aad4fc5ba62b573e23a0f12a94d61204b63ba5af31b5a8e10d3d342c84,n4,astar,2,1000,1826700,1826.7
c83d8365852721fe3372a2c42cce1e5d67527b6c1f4a43aa2ece2a824427301d,370869aad4fc5ba62b573e23a0f12a94d61204b63ba5af31b5a8e10d3d342c84,n4,astar,3,1000,853000,853
c83d8365852721fe3372a2c42cce1e5d67527b6c1f4a43aa2ece2a824427301d,370869aad4fc5ba62b573e23a0f12a94d61204b63ba5af31b5a8e10d3d342c84,n4,astar,4,1000,907700,907.7
c83d8365852721fe3372a2c42cce1e5d67527b6c1f4a43aa2ece2a824427301d,370869aad4fc5ba62b573e23a0f12a94d61204b63ba5af31b5a8e10d3d342c84,n4,astar,5,1000,850100,850.1
c83d8365852721fe3372a2c42cce1e5d67527b6c1f4a43aa2ece2a824427301d,370869aad4fc5ba62b573e23a0f12a94d61204b63ba5af31b5a8e10d3d342c84,n4,astar,6,1000,966100,966.1
c83d8365852721fe3372a2c42cce1e5d67527b6c1f4a43aa2ece2a824427301d,370869aad4fc5ba62b573e23a0f12a94d61204b63ba5af31b5a8e10d3d342c84,n4,astar,7,1000,1004800,1004.8
c83d8365852721fe3372a2c42cce1e5d67527b6c1f4a43aa2ece2a824427301d,370869aad4fc5ba62b573e23a0f12a94d61204b63ba5af31b5a8e10d3d342c84,n4,astar,8,1000,1086000,1086
c83d8365852721fe3372a2c42cce1e5d67527b6c1f4a43aa2ece2a824427301d,370869aad4fc5ba62b573e23a0f12a94d61204b63ba5af31b5a8e10d3d342c84,n4,astar,9,1000,871100,871.1
c83d8365852721fe3372a2c42cce1e5d67527b6c1f4a43aa2ece2a824427301d,370869aad4fc5ba62b573e23a0f12a94d61204b63ba5af31b5a8e10d3d342c84,n4,astar,10,1000,2206400,2206.4
c83d8365852721fe3372a2c42cce1e5d67527b6c1f4a43aa2ece2a824427301d,52bd1e853cecadf3b89d61429e078d2b8eabd9a4b09dc4d2164c728942d0fbf1,n6,dfs,1,1000,3633400,3633.4
c83d8365852721fe3372a2c42cce1e5d67527b6c1f4a43aa2ece2a824427301d,52bd1e853cecadf3b89d61429e078d2b8eabd9a4b09dc4d2164c728942d0fbf1,n6,dfs,2,1000,2850200,2850.2
c83d8365852721fe3372a2c42cce1e5d67527b6c1f4a43aa2ece2a824427301d,52bd1e853cecadf3b89d61429e078d2b8eabd9a4b09dc4d2164c728942d0fbf1,n6,dfs,3,1000,2804100,2804.1
c83d8365852721fe3372a2c42cce1e5d67527b6c1f4a43aa2ece2a824427301d,52bd1e853cecadf3b89d61429e078d2b8eabd9a4b09dc4d2164c728942d0fbf1,n6,dfs,4,1000,3688300,3688.3
c83d8365852721fe3372a2c42cce1e5d67527b6c1f4a43aa2ece2a824427301d,52bd1e853cecadf3b89d61429e078d2b8eabd9a4b09dc4d2164c728942d0fbf1,n6,dfs,5,1000,4911000,4911
c83d8365852721fe3372a2c42cce1e5d67527b6c1f4a43aa2ece2a824427301d,52bd1e853cecadf3b89d61429e078d2b8eabd9a4b09dc4d2164c728942d0fbf1,n6,dfs,6,1000,4333100,4333.1
c83d8365852721fe3372a2c42cce1e5d67527b6c1f4a43aa2ece2a824427301d,52bd1e853cecadf3b89d61429e078d2b8eabd9a4b09dc4d2164c728942d0fbf1,n6,dfs,7,1000,2730400,2730.4
c83d8365852721fe3372a2c42cce1e5d67527b6c1f4a43aa2ece2a824427301d,52bd1e853cecadf3b89d61429e078d2b8eabd9a4b09dc4d2164c728942d0fbf1,n6,dfs,8,1000,2685000,2685
c83d8365852721fe3372a2c42cce1e5d67527b6c1f4a43aa2ece2a824427301d,52bd1e853cecadf3b89d61429e078d2b8eabd9a4b09dc4d2164c728942d0fbf1,n6,dfs,9,1000,2046400,2046.4
c83d8365852721fe3372a2c42cce1e5d67527b6c1f4a43aa2ece2a824427301d,52bd1e853cecadf3b89d61429e078d2b8eabd9a4b09dc4d2164c728942d0fbf1,n6,dfs,10,1000,2228700,2228.7
c83d8365852721fe3372a2c42cce1e5d67527b6c1f4a43aa2ece2a824427301d,52bd1e853cecadf3b89d61429e078d2b8eabd9a4b09dc4d2164c728942d0fbf1,n6,dijkstra,1,1000,2142600,2142.6
c83d8365852721fe3372a2c42cce1e5d67527b6c1f4a43aa2ece2a824427301d,52bd1e853cecadf3b89d61429e078d2b8eabd9a4b09dc4d2164c728942d0fbf1,n6,dijkstra,2,1000,2334500,2334.5
c83d8365852721fe3372a2c42cce1e5d67527b6c1f4a43aa2ece2a824427301d,52bd1e853cecadf3b89d61429e078d2b8eabd9a4b09dc4d2164c728942d0fbf1,n6,dijkstra,3,1000,2328900,2328.9
c83d8365852721fe3372a2c42cce1e5d67527b6c1f4a43aa2ece2a824427301d,52bd1e853cecadf3b89d61429e078d2b8eabd9a4b09dc4d2164c728942d0fbf1,n6,dijkstra,4,1000,2253200,2253.2
c83d8365852721fe3372a2c42cce1e5d67527b6c1f4a43aa2ece2a824427301d,52bd1e853cecadf3b89d61429e078d2b8eabd9a4b09dc4d2164c728942d0fbf1,n6,dijkstra,5,1000,1906900,1906.9
c83d8365852721fe3372a2c42cce1e5d67527b6c1f4a43aa2ece2a824427301d,52bd1e853cecadf3b89d61429e078d2b8eabd9a4b09dc4d2164c728942d0fbf1,n6,dijkstra,6,1000,1116500,1116.5
c83d8365852721fe3372a2c42cce1e5d67527b6c1f4a43aa2ece2a824427301d,52bd1e853cecadf3b89d61429e078d2b8eabd9a4b09dc4d2164c728942d0fbf1,n6,dijkstra,7,1000,1225900,1225.9
c83d8365852721fe3372a2c42cce1e5d67527b6c1f4a43aa2ece2a824427301d,52bd1e853cecadf3b89d61429e078d2b8eabd9a4b09dc4d2164c728942d0fbf1,n6,dijkstra,8,1000,1320900,1320.9
c83d8365852721fe3372a2c42cce1e5d67527b6c1f4a43aa2ece2a824427301d,52bd1e853cecadf3b89d61429e078d2b8eabd9a4b09dc4d2164c728942d0fbf1,n6,dijkstra,9,1000,1454500,1454.5
c83d8365852721fe3372a2c42cce1e5d67527b6c1f4a43aa2ece2a824427301d,52bd1e853cecadf3b89d61429e078d2b8eabd9a4b09dc4d2164c728942d0fbf1,n6,dijkstra,10,1000,1620600,1620.6
c83d8365852721fe3372a2c42cce1e5d67527b6c1f4a43aa2ece2a824427301d,52bd1e853cecadf3b89d61429e078d2b8eabd9a4b09dc4d2164c728942d0fbf1,n6,astar,1,1000,1657100,1657.1
c83d8365852721fe3372a2c42cce1e5d67527b6c1f4a43aa2ece2a824427301d,52bd1e853cecadf3b89d61429e078d2b8eabd9a4b09dc4d2164c728942d0fbf1,n6,astar,2,1000,1231000,1231
c83d8365852721fe3372a2c42cce1e5d67527b6c1f4a43aa2ece2a824427301d,52bd1e853cecadf3b89d61429e078d2b8eabd9a4b09dc4d2164c728942d0fbf1,n6,astar,3,1000,1358800,1358.8
c83d8365852721fe3372a2c42cce1e5d67527b6c1f4a43aa2ece2a824427301d,52bd1e853cecadf3b89d61429e078d2b8eabd9a4b09dc4d2164c728942d0fbf1,n6,astar,4,1000,1206100,1206.1
c83d8365852721fe3372a2c42cce1e5d67527b6c1f4a43aa2ece2a824427301d,52bd1e853cecadf3b89d61429e078d2b8eabd9a4b09dc4d2164c728942d0fbf1,n6,astar,5,1000,1250200,1250.2
c83d8365852721fe3372a2c42cce1e5d67527b6c1f4a43aa2ece2a824427301d,52bd1e853cecadf3b89d61429e078d2b8eabd9a4b09dc4d2164c728942d0fbf1,n6,astar,6,1000,2210500,2210.5
c83d8365852721fe3372a2c42cce1e5d67527b6c1f4a43aa2ece2a824427301d,52bd1e853cecadf3b89d61429e078d2b8eabd9a4b09dc4d2164c728942d0fbf1,n6,astar,7,1000,1152800,1152.8
c83d8365852721fe3372a2c42cce1e5d67527b6c1f4a43aa2ece2a824427301d,52bd1e853cecadf3b89d61429e078d2b8eabd9a4b09dc4d2164c728942d0fbf1,n6,astar,8,1000,1320600,1320.6
c83d8365852721fe3372a2c42cce1e5d67527b6c1f4a43aa2ece2a824427301d,52bd1e853cecadf3b89d61429e078d2b8eabd9a4b09dc4d2164c728942d0fbf1,n6,astar,9,1000,1327500,1327.5
c83d8365852721fe3372a2c42cce1e5d67527b6c1f4a43aa2ece2a824427301d,52bd1e853cecadf3b89d61429e078d2b8eabd9a4b09dc4d2164c728942d0fbf1,n6,astar,10,1000,1297700,1297.7
c83d8365852721fe3372a2c42cce1e5d67527b6c1f4a43aa2ece2a824427301d,8b19638bfb22b3ea472274ba6c4a7de61cdf0b3b4700fd44b15c904d7a88a1fa,n8,dfs,1,1000,7854500,7854.5
c83d8365852721fe3372a2c42cce1e5d67527b6c1f4a43aa2ece2a824427301d,8b19638bfb22b3ea472274ba6c4a7de61cdf0b3b4700fd44b15c904d7a88a1fa,n8,dfs,2,1000,9399600,9399.6
c83d8365852721fe3372a2c42cce1e5d67527b6c1f4a43aa2ece2a824427301d,8b19638bfb22b3ea472274ba6c4a7de61cdf0b3b4700fd44b15c904d7a88a1fa,n8,dfs,3,1000,7080600,7080.6
c83d8365852721fe3372a2c42cce1e5d67527b6c1f4a43aa2ece2a824427301d,8b19638bfb22b3ea472274ba6c4a7de61cdf0b3b4700fd44b15c904d7a88a1fa,n8,dfs,4,1000,7234400,7234.4
c83d8365852721fe3372a2c42cce1e5d67527b6c1f4a43aa2ece2a824427301d,8b19638bfb22b3ea472274ba6c4a7de61cdf0b3b4700fd44b15c904d7a88a1fa,n8,dfs,5,1000,8077800,8077.8
c83d8365852721fe3372a2c42cce1e5d67527b6c1f4a43aa2ece2a824427301d,8b19638bfb22b3ea472274ba6c4a7de61cdf0b3b4700fd44b15c904d7a88a1fa,n8,dfs,6,1000,7626300,7626.3
c83d8365852721fe3372a2c42cce1e5d67527b6c1f4a43aa2ece2a824427301d,8b19638bfb22b3ea472274ba6c4a7de61cdf0b3b4700fd44b15c904d7a88a1fa,n8,dfs,7,1000,6940400,6940.4
c83d8365852721fe3372a2c42cce1e5d67527b6c1f4a43aa2ece2a824427301d,8b19638bfb22b3ea472274ba6c4a7de61cdf0b3b4700fd44b15c904d7a88a1fa,n8,dfs,8,1000,7936800,7936.8
c83d8365852721fe3372a2c42cce1e5d67527b6c1f4a43aa2ece2a824427301d,8b19638bfb22b3ea472274ba6c4a7de61cdf0b3b4700fd44b15c904d7a88a1fa,n8,dfs,9,1000,8244200,8244.2
c83d8365852721fe3372a2c42cce1e5d67527b6c1f4a43aa2ece2a824427301d,8b19638bfb22b3ea472274ba6c4a7de61cdf0b3b4700fd44b15c904d7a88a1fa,n8,dfs,10,1000,6733600,6733.6
c83d8365852721fe3372a2c42cce1e5d67527b6c1f4a43aa2ece2a824427301d,8b19638bfb22b3ea472274ba6c4a7de61cdf0b3b4700fd44b15c904d7a88a1fa,n8,dijkstra,1,1000,1445200,1445.2
c83d8365852721fe3372a2c42cce1e5d67527b6c1f4a43aa2ece2a824427301d,8b19638bfb22b3ea472274ba6c4a7de61cdf0b3b4700fd44b15c904d7a88a1fa,n8,dijkstra,2,1000,1403200,1403.2
c83d8365852721fe3372a2c42cce1e5d67527b6c1f4a43aa2ece2a824427301d,8b19638bfb22b3ea472274ba6c4a7de61cdf0b3b4700fd44b15c904d7a88a1fa,n8,dijkstra,3,1000,1648000,1648
c83d8365852721fe3372a2c42cce1e5d67527b6c1f4a43aa2ece2a824427301d,8b19638bfb22b3ea472274ba6c4a7de61cdf0b3b4700fd44b15c904d7a88a1fa,n8,dijkstra,4,1000,1952400,1952.4
c83d8365852721fe3372a2c42cce1e5d67527b6c1f4a43aa2ece2a824427301d,8b19638bfb22b3ea472274ba6c4a7de61cdf0b3b4700fd44b15c904d7a88a1fa,n8,dijkstra,5,1000,1338000,1338
c83d8365852721fe3372a2c42cce1e5d67527b6c1f4a43aa2ece2a824427301d,8b19638bfb22b3ea472274ba6c4a7de61cdf0b3b4700fd44b15c904d7a88a1fa,n8,dijkstra,6,1000,1334900,1334.9
c83d8365852721fe3372a2c42cce1e5d67527b6c1f4a43aa2ece2a824427301d,8b19638bfb22b3ea472274ba6c4a7de61cdf0b3b4700fd44b15c904d7a88a1fa,n8,dijkstra,7,1000,1329200,1329.2
c83d8365852721fe3372a2c42cce1e5d67527b6c1f4a43aa2ece2a824427301d,8b19638bfb22b3ea472274ba6c4a7de61cdf0b3b4700fd44b15c904d7a88a1fa,n8,dijkstra,8,1000,1403700,1403.7
c83d8365852721fe3372a2c42cce1e5d67527b6c1f4a43aa2ece2a824427301d,8b19638bfb22b3ea472274ba6c4a7de61cdf0b3b4700fd44b15c904d7a88a1fa,n8,dijkstra,9,1000,2015200,2015.2
c83d8365852721fe3372a2c42cce1e5d67527b6c1f4a43aa2ece2a824427301d,8b19638bfb22b3ea472274ba6c4a7de61cdf0b3b4700fd44b15c904d7a88a1fa,n8,dijkstra,10,1000,1404900,1404.9
c83d8365852721fe3372a2c42cce1e5d67527b6c1f4a43aa2ece2a824427301d,8b19638bfb22b3ea472274ba6c4a7de61cdf0b3b4700fd44b15c904d7a88a1fa,n8,astar,1,1000,1391900,1391.9
c83d8365852721fe3372a2c42cce1e5d67527b6c1f4a43aa2ece2a824427301d,8b19638bfb22b3ea472274ba6c4a7de61cdf0b3b4700fd44b15c904d7a88a1fa,n8,astar,2,1000,1310800,1310.8
c83d8365852721fe3372a2c42cce1e5d67527b6c1f4a43aa2ece2a824427301d,8b19638bfb22b3ea472274ba6c4a7de61cdf0b3b4700fd44b15c904d7a88a1fa,n8,astar,3,1000,1366600,1366.6
c83d8365852721fe3372a2c42cce1e5d67527b6c1f4a43aa2ece2a824427301d,8b19638bfb22b3ea472274ba6c4a7de61cdf0b3b4700fd44b15c904d7a88a1fa,n8,astar,4,1000,1368500,1368.5
c83d8365852721fe3372a2c42cce1e5d67527b6c1f4a43aa2ece2a824427301d,8b19638bfb22b3ea472274ba6c4a7de61cdf0b3b4700fd44b15c904d7a88a1fa,n8,astar,5,1000,2328800,2328.8
c83d8365852721fe3372a2c42cce1e5d67527b6c1f4a43aa2ece2a824427301d,8b19638bfb22b3ea472274ba6c4a7de61cdf0b3b4700fd44b15c904d7a88a1fa,n8,astar,6,1000,1345900,1345.9
c83d8365852721fe3372a2c42cce1e5d67527b6c1f4a43aa2ece2a824427301d,8b19638bfb22b3ea472274ba6c4a7de61cdf0b3b4700fd44b15c904d7a88a1fa,n8,astar,7,1000,1227100,1227.1
c83d8365852721fe3372a2c42cce1e5d67527b6c1f4a43aa2ece2a824427301d,8b19638bfb22b3ea472274ba6c4a7de61cdf0b3b4700fd44b15c904d7a88a1fa,n8,astar,8,1000,1313300,1313.3
c83d8365852721fe3372a2c42cce1e5d67527b6c1f4a43aa2ece2a824427301d,8b19638bfb22b3ea472274ba6c4a7de61cdf0b3b4700fd44b15c904d7a88a1fa,n8,astar,9,1000,1195800,1195.8
c83d8365852721fe3372a2c42cce1e5d67527b6c1f4a43aa2ece2a824427301d,8b19638bfb22b3ea472274ba6c4a7de61cdf0b3b4700fd44b15c904d7a88a1fa,n8,astar,10,1000,1291600,1291.6
