key,experiment_id,size_label,radius_m,graph_nodes,graph_edges,objective,scenario_id,algorithm,od_count,runs,success,timeout,no_path,error,median_search_ns,q1_search_ns,q3_search_ns,median_expanded,q1_expanded,q3_expanded
condition|r5000|distance|closure_1|astar,condition,r5000,5000,4209,10202,distance,closure_1,astar,20,200,200,0,0,0,275725,228975,447462.5,237,35.5,856.75
condition|r5000|distance|closure_1|dijkstra,condition,r5000,5000,4209,10202,distance,closure_1,dijkstra,20,200,200,0,0,0,429050,240100,830750,1135,129.75,3172
condition|r5000|distance|closure_2|astar,condition,r5000,5000,4209,10202,distance,closure_2,astar,20,200,200,0,0,0,261825,224250,369887.5,237,35.5,856.75
condition|r5000|distance|closure_2|dijkstra,condition,r5000,5000,4209,10202,distance,closure_2,dijkstra,20,200,200,0,0,0,374875,230150,715850,1135,129.75,3172
condition|r5000|distance|closure_3|astar,condition,r5000,5000,4209,10202,distance,closure_3,astar,20,200,200,0,0,0,250875,225675,374700,237,35.5,856.75
condition|r5000|distance|closure_3|dijkstra,condition,r5000,5000,4209,10202,distance,closure_3,dijkstra,20,200,200,0,0,0,390825,225412.5,719812.5,1135,129.75,3172
condition|r5000|distance|congestion_1_5|astar,condition,r5000,5000,4209,10202,distance,congestion_1_5,astar,20,200,200,0,0,0,282225,238375,412500,237,35.5,856.75
condition|r5000|distance|congestion_1_5|dijkstra,condition,r5000,5000,4209,10202,distance,congestion_1_5,dijkstra,20,200,200,0,0,0,410200,238087.5,742175,1135,129.75,3172
condition|r5000|distance|congestion_3_0|astar,condition,r5000,5000,4209,10202,distance,congestion_3_0,astar,20,200,200,0,0,0,267025,224762.5,428762.5,237,35.5,856.75
condition|r5000|distance|congestion_3_0|dijkstra,condition,r5000,5000,4209,10202,distance,congestion_3_0,dijkstra,20,200,200,0,0,0,389050,232162.5,817862.5,1135,129.75,3172
condition|r5000|distance|normal|astar,condition,r5000,5000,4209,10202,distance,normal,astar,20,200,200,0,0,0,277925,230837.5,401787.5,237,35.5,856.75
condition|r5000|distance|normal|dijkstra,condition,r5000,5000,4209,10202,distance,normal,dijkstra,20,200,200,0,0,0,434500,244175,734325,1135,129.75,3172
condition|r5000|time|closure_1|astar,condition,r5000,5000,4209,10202,time,closure_1,astar,20,200,200,0,0,0,346675,252625,600325,572.5,86.25,1705.5
condition|r5000|time|closure_1|dijkstra,condition,r5000,5000,4209,10202,time,closure_1,dijkstra,20,200,200,0,0,0,445875,272600,805112.5,1122,178.25,2936
condition|r5000|time|closure_2|astar,condition,r5000,5000,4209,10202,time,closure_2,astar,20,200,200,0,0,0,322475,219662.5,551425,572.5,86.25,1705.5
condition|r5000|time|closure_2|dijkstra,condition,r5000,5000,4209,10202,time,closure_2,dijkstra,20,200,200,0,0,0,404400,222825,722562.5,1122,178.25,2936
condition|r5000|time|closure_3|astar,condition,r5000,5000,4209,10202,time,closure_3,astar,20,200,200,0,0,0,319775,217937.5,526587.5,572.5,86.25,1705.5
condition|r5000|time|closure_3|dijkstra,condition,r5000,5000,4209,10202,time,closure_3,dijkstra,20,200,200,0,0,0,388625,225012.5,702362.5,1122,178.25,2936
condition|r5000|time|congestion_1_5|astar,condition,r5000,5000,4209,10202,time,congestion_1_5,astar,20,200,200,0,0,0,327725,230687.5,551100,575.5,94,1806.75
condition|r5000|time|congestion_1_5|dijkstra,condition,r5000,5000,4209,10202,time,congestion_1_5,dijkstra,20,200,200,0,0,0,423250,251100,718362.5,1092.5,190.25,2966.25
condition|r5000|time|congestion_3_0|astar,condition,r5000,5000,4209,10202,time,congestion_3_0,astar,20,200,200,0,0,0,324675,231012.5,625825,588,84,1901
condition|r5000|time|congestion_3_0|dijkstra,condition,r5000,5000,4209,10202,time,congestion_3_0,dijkstra,20,200,200,0,0,0,415625,250437.5,880362.5,1039.5,164,3043.75
condition|r5000|time|normal|astar,condition,r5000,5000,4209,10202,time,normal,astar,20,200,200,0,0,0,337325,232187.5,566300,572.5,86.25,1705.5
condition|r5000|time|normal|dijkstra,condition,r5000,5000,4209,10202,time,normal,dijkstra,20,200,200,0,0,0,455875,246450,792987.5,1122,178.25,2936
road|r1000|distance|normal|astar,road,r1000,1000,609,1483,distance,normal,astar,20,200,200,0,0,0,53900,41512.5,59412.5,85.5,35.5,131.75
road|r1000|distance|normal|dfs,road,r1000,1000,609,1483,distance,normal,dfs,2,20,0,20,0,0,,,,63422624,62400368,64444880
road|r1000|distance|normal|dijkstra,road,r1000,1000,609,1483,distance,normal,dijkstra,20,200,200,0,0,0,67650,50112.5,80625,231,129.75,361.75
road|r1000|time|normal|astar,road,r1000,1000,609,1483,time,normal,astar,20,200,200,0,0,0,56250,49312.5,59825,145.5,86.25,181.75
road|r1000|time|normal|dfs,road,r1000,1000,609,1483,time,normal,dfs,2,20,0,20,0,0,,,,63723040,62346320,65099760
road|r1000|time|normal|dijkstra,road,r1000,1000,609,1483,time,normal,dijkstra,20,200,200,0,0,0,67425,54137.5,82350,243.5,157,322
road|r2000|distance|normal|astar,road,r2000,2000,1661,3986,distance,normal,astar,20,200,200,0,0,0,99875,92512.5,150150,75,35.5,351.5
road|r2000|distance|normal|dfs,road,r2000,2000,1661,3986,distance,normal,dfs,2,20,0,20,0,0,,,,61533120,61358240,61708000
road|r2000|distance|normal|dijkstra,road,r2000,2000,1661,3986,distance,normal,dijkstra,20,200,200,0,0,0,171700,106087.5,273287.5,555.5,129.75,1322.25
road|r2000|time|normal|astar,road,r2000,2000,1661,3986,time,normal,astar,20,200,200,0,0,0,129850,99275,219050,182.5,86.25,723
road|r2000|time|normal|dfs,road,r2000,2000,1661,3986,time,normal,dfs,2,20,0,20,0,0,,,,61164736,61109920,61219552
road|r2000|time|normal|dijkstra,road,r2000,2000,1661,3986,time,normal,dijkstra,20,200,200,0,0,0,190400,111300,288312.5,670.5,178.25,1257.5
road|r3000|distance|normal|astar,road,r3000,3000,2582,6173,distance,normal,astar,20,200,200,0,0,0,152600,143812.5,192575,70.5,35.5,329.75
road|r3000|distance|normal|dfs,road,r3000,3000,2582,6173,distance,normal,dfs,2,20,0,20,0,0,,,,55275840,54903104,55648576
road|r3000|distance|normal|dijkstra,road,r3000,3000,2582,6173,distance,normal,dijkstra,20,200,200,0,0,0,198475,148250,373325,440,129.75,1582.75
road|r3000|time|normal|astar,road,r3000,3000,2582,6173,time,normal,astar,20,200,200,0,0,0,174275,155562.5,280562.5,176.5,86.25,656.25
road|r3000|time|normal|dfs,road,r3000,3000,2582,6173,time,normal,dfs,2,20,0,20,0,0,,,,54400384,54260320,54540448
road|r3000|time|normal|dijkstra,road,r3000,3000,2582,6173,time,normal,dijkstra,20,200,200,0,0,0,215700,170800,438012.5,411,178.25,1507.25
road|r500|distance|normal|astar,road,r500,500,81,187,distance,normal,astar,20,200,200,0,0,0,20500,17150,25750,29.5,19,44
road|r500|distance|normal|dfs,road,r500,500,81,187,distance,normal,dfs,2,20,20,0,0,0,327850,322575,333125,6691,6683,6699
road|r500|distance|normal|dijkstra,road,r500,500,81,187,distance,normal,dijkstra,20,200,200,0,0,0,15575,13125,20412.5,50,44.5,58.25
road|r500|time|normal|astar,road,r500,500,81,187,time,normal,astar,20,200,200,0,0,0,16550,14875,19850,45.5,32.75,56
road|r500|time|normal|dfs,road,r500,500,81,187,time,normal,dfs,2,20,20,0,0,0,278850,271425,286275,6691,6683,6699
road|r500|time|normal|dijkstra,road,r500,500,81,187,time,normal,dijkstra,20,200,200,0,0,0,13300,11350,14187.5,47,39,56.25
road|r5000|distance|normal|astar,road,r5000,5000,4209,10202,distance,normal,astar,20,200,200,0,0,0,309825,240200,435800,237,35.5,856.75
road|r5000|distance|normal|dfs,road,r5000,5000,4209,10202,distance,normal,dfs,2,20,0,20,0,0,,,,58284128,56684080,59884176
road|r5000|distance|normal|dijkstra,road,r5000,5000,4209,10202,distance,normal,dijkstra,20,200,200,0,0,0,458775,256787.5,819787.5,1135,129.75,3172
road|r5000|time|normal|astar,road,r5000,5000,4209,10202,time,normal,astar,20,200,200,0,0,0,340650,243025,574462.5,572.5,86.25,1705.5
road|r5000|time|normal|dfs,road,r5000,5000,4209,10202,time,normal,dfs,2,20,0,20,0,0,,,,58884512,56141104,61627920
road|r5000|time|normal|dijkstra,road,r5000,5000,4209,10202,time,normal,dijkstra,20,200,200,0,0,0,461925,262550,816225,1122,178.25,2936
synthetic|n10|distance|normal|astar,synthetic,n10,,10,47,distance,normal,astar,1,10,10,0,0,0,9250,9250,9250,5,5,5
synthetic|n10|distance|normal|dfs,synthetic,n10,,10,47,distance,normal,dfs,1,10,10,0,0,0,63500,63500,63500,1303,1303,1303
synthetic|n10|distance|normal|dijkstra,synthetic,n10,,10,47,distance,normal,dijkstra,1,10,10,0,0,0,8750,8750,8750,7,7,7
synthetic|n12|distance|normal|astar,synthetic,n12,,12,71,distance,normal,astar,1,10,10,0,0,0,7700,7700,7700,4,4,4
synthetic|n12|distance|normal|dfs,synthetic,n12,,12,71,distance,normal,dfs,1,10,10,0,0,0,3370500,3370500,3370500,73770,73770,73770
synthetic|n12|distance|normal|dijkstra,synthetic,n12,,12,71,distance,normal,dijkstra,1,10,10,0,0,0,8900,8900,8900,12,12,12
synthetic|n14|distance|normal|astar,synthetic,n14,,14,96,distance,normal,astar,1,10,10,0,0,0,16850,16850,16850,3,3,3
synthetic|n14|distance|normal|dfs,synthetic,n14,,14,96,distance,normal,dfs,1,10,10,0,0,0,202390650,202390650,202390650,3301989,3301989,3301989
synthetic|n14|distance|normal|dijkstra,synthetic,n14,,14,96,distance,normal,dijkstra,1,10,10,0,0,0,18950,18950,18950,8,8,8
synthetic|n16|distance|normal|astar,synthetic,n16,,16,122,distance,normal,astar,1,10,10,0,0,0,49400,49400,49400,5,5,5
synthetic|n16|distance|normal|dfs,synthetic,n16,,16,122,distance,normal,dfs,1,10,0,10,0,0,,,,35099520,35099520,35099520
synthetic|n16|distance|normal|dijkstra,synthetic,n16,,16,122,distance,normal,dijkstra,1,10,10,0,0,0,25650,25650,25650,12,12,12
synthetic|n18|distance|normal|astar,synthetic,n18,,18,137,distance,normal,astar,1,10,10,0,0,0,34500,34500,34500,8,8,8
synthetic|n18|distance|normal|dfs,synthetic,n18,,18,137,distance,normal,dfs,1,10,0,10,0,0,,,,30512960,30512960,30512960
synthetic|n18|distance|normal|dijkstra,synthetic,n18,,18,137,distance,normal,dijkstra,1,10,10,0,0,0,30350,30350,30350,17,17,17
synthetic|n20|distance|normal|astar,synthetic,n20,,20,177,distance,normal,astar,1,10,10,0,0,0,22950,22950,22950,2,2,2
synthetic|n20|distance|normal|dfs,synthetic,n20,,20,177,distance,normal,dfs,1,10,0,10,0,0,,,,29382208,29382208,29382208
synthetic|n20|distance|normal|dijkstra,synthetic,n20,,20,177,distance,normal,dijkstra,1,10,10,0,0,0,13100,13100,13100,6,6,6
synthetic|n22|distance|normal|astar,synthetic,n22,,22,224,distance,normal,astar,1,10,10,0,0,0,21400,21400,21400,2,2,2
synthetic|n22|distance|normal|dfs,synthetic,n22,,22,224,distance,normal,dfs,1,10,0,10,0,0,,,,25372416,25372416,25372416
synthetic|n22|distance|normal|dijkstra,synthetic,n22,,22,224,distance,normal,dijkstra,1,10,10,0,0,0,20050,20050,20050,14,14,14
synthetic|n24|distance|normal|astar,synthetic,n24,,24,263,distance,normal,astar,1,10,10,0,0,0,18200,18200,18200,4,4,4
synthetic|n24|distance|normal|dfs,synthetic,n24,,24,263,distance,normal,dfs,1,10,0,10,0,0,,,,22396096,22396096,22396096
synthetic|n24|distance|normal|dijkstra,synthetic,n24,,24,263,distance,normal,dijkstra,1,10,10,0,0,0,42150,42150,42150,24,24,24
synthetic|n4|distance|normal|astar,synthetic,n4,,4,7,distance,normal,astar,1,10,10,0,0,0,5600,5600,5600,3,3,3
synthetic|n4|distance|normal|dfs,synthetic,n4,,4,7,distance,normal,dfs,1,10,10,0,0,0,5100,5100,5100,7,7,7
synthetic|n4|distance|normal|dijkstra,synthetic,n4,,4,7,distance,normal,dijkstra,1,10,10,0,0,0,5550,5550,5550,4,4,4
synthetic|n6|distance|normal|astar,synthetic,n6,,6,19,distance,normal,astar,1,10,10,0,0,0,8950,8950,8950,4,4,4
synthetic|n6|distance|normal|dfs,synthetic,n6,,6,19,distance,normal,dfs,1,10,10,0,0,0,10200,10200,10200,31,31,31
synthetic|n6|distance|normal|dijkstra,synthetic,n6,,6,19,distance,normal,dijkstra,1,10,10,0,0,0,9850,9850,9850,6,6,6
synthetic|n8|distance|normal|astar,synthetic,n8,,8,28,distance,normal,astar,1,10,10,0,0,0,7000,7000,7000,2,2,2
synthetic|n8|distance|normal|dfs,synthetic,n8,,8,28,distance,normal,dfs,1,10,10,0,0,0,38850,38850,38850,150,150,150
synthetic|n8|distance|normal|dijkstra,synthetic,n8,,8,28,distance,normal,dijkstra,1,10,10,0,0,0,7000,7000,7000,3,3,3
