track,size_label,graph_nodes,graph_edges,algorithm,od_count,runs,success,timeout,no_path,error,timeout_ratio,median_ms,min_ms,max_ms,median_visits,max_visits,median_unique,median_visit_ratio,median_complete_paths,median_route_m
1,n10,10,16,dfs,5,25,25,0,0,0,0,0.0159,0.0149,0.0224,10,10,10,1,1,250.9899
1,n10,10,16,dijkstra,5,25,25,0,0,0,0,0.0321,0.0303,0.0417,6,10,6,1,,250.9899
1,n10,10,16,astar,5,25,25,0,0,0,0,0.0345,0.0275,0.0424,4,8,4,1,,250.9899
1,n15,15,26,dfs,5,25,25,0,0,0,0,0.0139,0.0095,0.0163,14,15,14,1,1,250.9899
1,n15,15,26,dijkstra,5,25,25,0,0,0,0,0.0338,0.0287,0.0421,6,13,6,1,,250.9899
1,n15,15,26,astar,5,25,25,0,0,0,0,0.0342,0.0313,0.0494,6,9,6,1,,250.9899
1,n20,20,38,dfs,5,25,25,0,0,0,0,0.012,0.0113,0.0133,21,38,20,1.0526,2,221.081
1,n20,20,38,dijkstra,5,25,25,0,0,0,0,0.0336,0.0293,0.0455,7,14,7,1,,221.081
1,n20,20,38,astar,5,25,25,0,0,0,0,0.0346,0.0329,0.0413,6,8,6,1,,221.081
1,n25,25,48,dfs,5,25,25,0,0,0,0,0.0123,0.0113,0.0153,26,48,25,1.0417,2,221.081
1,n25,25,48,dijkstra,5,25,25,0,0,0,0,0.0413,0.0305,0.0504,7,14,7,1,,221.081
1,n25,25,48,astar,5,25,25,0,0,0,0,0.0376,0.0314,0.0539,6,8,6,1,,221.081
1,n30,30,60,dfs,5,25,25,0,0,0,0,0.0124,0.0108,0.0132,40,76,30,1.3448,2,221.081
1,n30,30,60,dijkstra,5,25,25,0,0,0,0,0.0352,0.0286,0.0456,7,14,7,1,,221.081
1,n30,30,60,astar,5,25,25,0,0,0,0,0.035,0.0293,0.0463,6,8,6,1,,221.081
1,n40,40,86,dfs,5,25,25,0,0,0,0,0.0174,0.0149,0.0208,144,284,40,3.6667,2,221.081
1,n40,40,86,dijkstra,5,25,25,0,0,0,0,0.0339,0.0286,0.0416,7,14,7,1,,221.081
1,n40,40,86,astar,5,25,25,0,0,0,0,0.0368,0.0299,0.0395,6,8,6,1,,221.081
1,n50,50,114,dfs,5,25,25,0,0,0,0,0.0631,0.037,0.2108,1078,2152,50,21.9796,2,221.081
1,n50,50,114,dijkstra,5,25,25,0,0,0,0,0.0347,0.029,0.0424,7,14,7,1,,221.081
1,n50,50,114,astar,5,25,25,0,0,0,0,0.0371,0.0293,0.0419,6,8,6,1,,221.081
1,n75,73,174,dfs,5,25,25,0,0,0,0,11.4026,10.7695,21.6526,475175,950346,73,6599.6389,2,221.081
1,n75,73,174,dijkstra,5,25,25,0,0,0,0,0.0445,0.0312,0.0498,7,14,7,1,,221.081
1,n75,73,174,astar,5,25,25,0,0,0,0,0.0384,0.0316,0.0527,6,8,6,1,,221.081
1,r500,80,182,dfs,5,25,25,0,0,0,0,0.1975,0.1825,0.3655,7871,15738,80,99.6203,2,221.081
1,r500,80,182,dijkstra,5,25,25,0,0,0,0,0.0352,0.029,0.0383,7,14,7,1,,221.081
1,r500,80,182,astar,5,25,25,0,0,0,0,0.0337,0.0279,0.0387,6,8,6,1,,221.081
1,n100,96,224,dfs,5,25,25,0,0,0,0,421.3586,402.8638,852.9478,18271064,36542124,96,192326.9789,2,221.081
1,n100,96,224,dijkstra,5,25,25,0,0,0,0,0.0596,0.0364,0.0744,7,14,7,1,,221.081
1,n100,96,224,astar,5,25,25,0,0,0,0,0.0564,0.0349,0.0623,6,8,6,1,,221.081
1,n200,192,458,dfs,5,25,0,25,0,0,1,2000.0186,2000.015,2000.0282,85088000,85380000,156,543814.1026,1,
1,n200,192,458,dijkstra,5,25,25,0,0,0,0,0.0645,0.0508,0.0698,7,14,7,1,,221.081
1,n200,192,458,astar,5,25,25,0,0,0,0,0.0356,0.0299,0.0699,6,8,6,1,,221.081
1,r1000,552,1320,dfs,5,25,0,25,0,0,1,2000.0216,2000.0192,2000.0274,92238000,92418000,325,283775.3846,1,
1,r1000,552,1320,dijkstra,5,25,25,0,0,0,0,0.0695,0.0353,0.0742,7,14,7,1,,221.081
1,r1000,552,1320,astar,5,25,25,0,0,0,0,0.0627,0.0402,0.0675,6,8,6,1,,221.081
1,r2000,1573,3736,dfs,5,25,0,25,0,0,1,2000.0233,2000.0171,2000.0314,81783000,81990000,1180,69354.4839,1,
1,r2000,1573,3736,dijkstra,5,25,25,0,0,0,0,0.0476,0.0318,0.0728,7,14,7,1,,221.081
1,r2000,1573,3736,astar,5,25,25,0,0,0,0,0.0455,0.036,0.0923,6,8,6,1,,221.081
1,r3000,2455,5833,dfs,5,25,0,25,0,0,1,2000.0276,2000.0174,2000.0297,87005000,87156000,1108,78524.3682,1,
1,r3000,2455,5833,dijkstra,5,25,25,0,0,0,0,0.0617,0.0361,0.075,7,14,7,1,,221.081
1,r3000,2455,5833,astar,5,25,25,0,0,0,0,0.0641,0.0409,0.0716,6,8,6,1,,221.081
1,r5000,4006,9689,dfs,5,25,0,25,0,0,1,2000.0275,2000.0218,2000.0597,83245000,83866000,1600,51963.171,1,
1,r5000,4006,9689,dijkstra,5,25,25,0,0,0,0,0.0764,0.041,0.1513,7,14,7,1,,221.081
1,r5000,4006,9689,astar,5,25,25,0,0,0,0,0.0686,0.0421,0.1766,6,8,6,1,,221.081
2,n10,10,16,dfs,10,50,50,0,0,0,0,0.0204,0.019,0.0282,8.5,10,8.5,1,1,231.3255
2,n10,10,16,dijkstra,10,50,50,0,0,0,0,0.07,0.0568,0.0962,6,10,6,1,,231.3255
2,n10,10,16,astar,10,50,50,0,0,0,0,0.0783,0.0573,0.086,4.5,6,4.5,1,,231.3255
2,n15,15,26,dfs,10,50,50,0,0,0,0,0.0219,0.0189,0.0282,13,15,13,1,1,240.8219
2,n15,15,26,dijkstra,10,50,50,0,0,0,0,0.0904,0.0554,0.139,8,14,8,1,,240.8219
2,n15,15,26,astar,10,50,50,0,0,0,0,0.0764,0.0674,0.1048,4.5,9,4.5,1,,240.8219
2,n20,20,38,dfs,10,50,50,0,0,0,0,0.0238,0.021,0.0268,33.5,39,19.5,1.75,2,358.5445
2,n20,20,38,dijkstra,10,50,50,0,0,0,0,0.0899,0.0698,0.0973,13,19,13,1,,358.5445
2,n20,20,38,astar,10,50,50,0,0,0,0,0.0905,0.0727,0.0922,8.5,12,8.5,1,,358.5445
2,n25,25,48,dfs,10,50,50,0,0,0,0,0.0252,0.0229,0.0467,45,49,25,1.8718,2,476.8598
2,n25,25,48,dijkstra,10,50,50,0,0,0,0,0.106,0.0756,0.1575,21.5,25,21.5,1,,476.8598
2,n25,25,48,astar,10,50,50,0,0,0,0,0.0906,0.0719,0.2,9.5,17,9.5,1,,476.8598
2,n30,30,60,dfs,10,50,50,0,0,0,0,0.0277,0.0248,0.0358,71,96,30,2.3667,2,536.8632
2,n30,30,60,dijkstra,10,50,50,0,0,0,0,0.1093,0.0809,0.1302,27.5,30,27.5,1,,536.8632
2,n30,30,60,astar,10,50,50,0,0,0,0,0.0925,0.0721,0.1102,12,20,12,1,,536.8632
2,n40,40,86,dfs,10,50,50,0,0,0,0,0.0394,0.0308,0.0487,274.5,375,40,7.0125,14,586.29
2,n40,40,86,dijkstra,10,50,50,0,0,0,0,0.1223,0.0942,0.1466,32,38,32,1,,586.29
2,n40,40,86,astar,10,50,50,0,0,0,0,0.0963,0.0843,0.1176,14.5,21,14.5,1,,586.29
2,n50,50,114,dfs,10,50,50,0,0,0,0,0.1275,0.0205,0.1867,1820.5,2990,50,36.41,90,603.712
2,n50,50,114,dijkstra,10,50,50,0,0,0,0,0.1223,0.0742,0.1545,33.5,49,33.5,1,,603.712
2,n50,50,114,astar,10,50,50,0,0,0,0,0.0969,0.0744,0.1551,13,37,13,1,,603.712
2,n75,73,174,dfs,10,50,50,0,0,0,0,31.9364,13.8164,63.4486,631699,1248609,73,8653.411,21632,588.2041
2,n75,73,174,dijkstra,10,50,50,0,0,0,0,0.1902,0.1512,0.2197,52.5,68,52.5,1,,588.2041
2,n75,73,174,astar,10,50,50,0,0,0,0,0.1417,0.1046,0.2047,24,47,24,1,,588.2041
2,r500,80,182,dfs,10,50,50,0,0,0,0,0.2394,0.0327,1.3136,5121,39047,79,82.667,24.5,697.0311
2,r500,80,182,dijkstra,10,50,50,0,0,0,0,0.1206,0.0771,0.1432,50,71,50,1,,697.0311
2,r500,80,182,astar,10,50,50,0,0,0,0,0.1195,0.0726,0.1585,29.5,61,29.5,1,,697.0311
2,n100,96,224,dfs,10,50,49,1,0,0,0.02,646.9053,25.7128,1403.1403,16047134.5,36542119,96,168273.1803,243742.5,647.327
2,n100,96,224,dijkstra,10,50,50,0,0,0,0,0.1743,0.1063,0.3173,55.5,91,55.5,1,,647.327
2,n100,96,224,astar,10,50,50,0,0,0,0,0.1424,0.0712,0.2232,20.5,41,20.5,1,,647.327
2,n200,192,458,dfs,10,50,0,50,0,0,1,2000.0315,2000.021,2000.0394,54319500,55334000,152.5,352606.7328,21,
2,n200,192,458,dijkstra,10,50,50,0,0,0,0,0.2651,0.131,0.3577,123.5,187,123.5,1,,821.4461
2,n200,192,458,astar,10,50,50,0,0,0,0,0.1735,0.1363,0.3202,35.5,102,35.5,1,,821.4461
2,r1000,552,1320,dfs,10,50,0,50,0,0,1,2000.0405,2000.032,2000.0632,53538000,55276000,298.5,181380.1682,0,
2,r1000,552,1320,dijkstra,10,50,50,0,0,0,0,0.9384,0.5642,1.0673,353.5,534,353.5,1,,1542.999
2,r1000,552,1320,astar,10,50,50,0,0,0,0,0.356,0.1545,0.8101,125.5,307,125.5,1,,1542.999
2,r2000,1573,3736,dfs,10,50,0,50,0,0,1,2000.0619,2000.0284,2000.0908,48397500,53037000,929.5,47237.55,0.5,
2,r2000,1573,3736,dijkstra,10,50,50,0,0,0,0,2.8044,1.8134,4.7101,1247,1531,1247,1,,2686.0419
2,r2000,1573,3736,astar,10,50,50,0,0,0,0,1.3617,0.5439,4.53,386,1071,386,1,,2686.0419
2,r3000,2455,5833,dfs,10,50,0,50,0,0,1,2000.0452,2000.0366,2000.0688,49561500,52884000,1114,42633.1271,0,
2,r3000,2455,5833,dijkstra,10,50,50,0,0,0,0,3.8247,0.6839,4.4711,1812.5,2221,1812.5,1,,3667.5491
2,r3000,2455,5833,astar,10,50,50,0,0,0,0,0.897,0.2283,2.7686,283.5,1051,283.5,1,,3667.5491
2,r5000,4006,9689,dfs,10,50,0,50,0,0,1,2000.0579,2000.0356,2000.0752,49010500,53699000,1663,28950.945,0.5,
2,r5000,4006,9689,dijkstra,10,50,50,0,0,0,0,5.2979,2.5447,7.5201,3222,3914,3222,1,,7146.8649
2,r5000,4006,9689,astar,10,50,50,0,0,0,0,1.9615,0.6972,5.6402,688,2400,688,1,,7146.8649
