od_id,scenario,algorithm,repetition,status,search_ms,customize_ms,query_ms,recomputed_arcs,unique_visited,route_length_m,route_time_s,normal_length_m,normal_time_s,normal_route_now_s,route_changed,route_edge_ids
T2-r2000-1,congestion,astar,1,SUCCESS,0.4508,,,,235,2726.3013,331.8433,2701.0982,324.1318,879.6982,true,9407 9378 9381 9385 9413 9361 2686 2690 8220 8223 2642 4568 8226 8228 3763 8230 8234 8423 9722 9720 9726 9717 10608 3288 7684 568 7681 3107 3126 7624 8216 1841 7609 7855 7721 7852 7724 7727 7730 7733 7736 7739 1895 8385 1268 1861 1857 1854 1853 10655
T2-r2000-1,congestion,astar,2,SUCCESS,0.413,,,,235,2726.3013,331.8433,2701.0982,324.1318,879.6982,true,9407 9378 9381 9385 9413 9361 2686 2690 8220 8223 2642 4568 8226 8228 3763 8230 8234 8423 9722 9720 9726 9717 10608 3288 7684 568 7681 3107 3126 7624 8216 1841 7609 7855 7721 7852 7724 7727 7730 7733 7736 7739 1895 8385 1268 1861 1857 1854 1853 10655
T2-r2000-1,congestion,astar,3,SUCCESS,0.3504,,,,235,2726.3013,331.8433,2701.0982,324.1318,879.6982,true,9407 9378 9381 9385 9413 9361 2686 2690 8220 8223 2642 4568 8226 8228 3763 8230 8234 8423 9722 9720 9726 9717 10608 3288 7684 568 7681 3107 3126 7624 8216 1841 7609 7855 7721 7852 7724 7727 7730 7733 7736 7739 1895 8385 1268 1861 1857 1854 1853 10655
T2-r2000-1,congestion,astar,4,SUCCESS,0.3791,,,,235,2726.3013,331.8433,2701.0982,324.1318,879.6982,true,9407 9378 9381 9385 9413 9361 2686 2690 8220 8223 2642 4568 8226 8228 3763 8230 8234 8423 9722 9720 9726 9717 10608 3288 7684 568 7681 3107 3126 7624 8216 1841 7609 7855 7721 7852 7724 7727 7730 7733 7736 7739 1895 8385 1268 1861 1857 1854 1853 10655
T2-r2000-1,congestion,astar,5,SUCCESS,0.244,,,,235,2726.3013,331.8433,2701.0982,324.1318,879.6982,true,9407 9378 9381 9385 9413 9361 2686 2690 8220 8223 2642 4568 8226 8228 3763 8230 8234 8423 9722 9720 9726 9717 10608 3288 7684 568 7681 3107 3126 7624 8216 1841 7609 7855 7721 7852 7724 7727 7730 7733 7736 7739 1895 8385 1268 1861 1857 1854 1853 10655
T2-r2000-1,congestion,cch,1,SUCCESS,2.7065,2.5479,0.1586,7255,97,2726.3013,331.8433,2701.0982,324.1318,879.6982,true,9407 9378 9381 9385 9413 9361 2686 2690 8220 8223 2642 4568 8226 8228 3763 8230 8234 8423 9722 9720 9726 9717 10608 3288 7684 568 7681 3107 3126 7624 8216 1841 7609 7855 7721 7852 7724 7727 7730 7733 7736 7739 1895 8385 1268 1861 1857 1854 1853 10655
T2-r2000-1,congestion,cch,2,SUCCESS,6.1683,6.0438,0.1245,7255,97,2726.3013,331.8433,2701.0982,324.1318,879.6982,true,9407 9378 9381 9385 9413 9361 2686 2690 8220 8223 2642 4568 8226 8228 3763 8230 8234 8423 9722 9720 9726 9717 10608 3288 7684 568 7681 3107 3126 7624 8216 1841 7609 7855 7721 7852 7724 7727 7730 7733 7736 7739 1895 8385 1268 1861 1857 1854 1853 10655
T2-r2000-1,congestion,cch,3,SUCCESS,2.158,1.7604,0.3976,7255,97,2726.3013,331.8433,2701.0982,324.1318,879.6982,true,9407 9378 9381 9385 9413 9361 2686 2690 8220 8223 2642 4568 8226 8228 3763 8230 8234 8423 9722 9720 9726 9717 10608 3288 7684 568 7681 3107 3126 7624 8216 1841 7609 7855 7721 7852 7724 7727 7730 7733 7736 7739 1895 8385 1268 1861 1857 1854 1853 10655
T2-r2000-1,congestion,cch,4,SUCCESS,2.6406,2.538,0.1026,7255,97,2726.3013,331.8433,2701.0982,324.1318,879.6982,true,9407 9378 9381 9385 9413 9361 2686 2690 8220 8223 2642 4568 8226 8228 3763 8230 8234 8423 9722 9720 9726 9717 10608 3288 7684 568 7681 3107 3126 7624 8216 1841 7609 7855 7721 7852 7724 7727 7730 7733 7736 7739 1895 8385 1268 1861 1857 1854 1853 10655
T2-r2000-1,congestion,cch,5,SUCCESS,5.9996,5.6657,0.3339,7255,97,2726.3013,331.8433,2701.0982,324.1318,879.6982,true,9407 9378 9381 9385 9413 9361 2686 2690 8220 8223 2642 4568 8226 8228 3763 8230 8234 8423 9722 9720 9726 9717 10608 3288 7684 568 7681 3107 3126 7624 8216 1841 7609 7855 7721 7852 7724 7727 7730 7733 7736 7739 1895 8385 1268 1861 1857 1854 1853 10655
T2-r2000-1,congestion,lpa,1,SUCCESS,2.8243,,,,275,2726.3013,331.8433,2701.0982,324.1318,879.6982,true,9407 9378 9381 9385 9413 9361 2686 2690 8220 8223 2642 4568 8226 8228 3763 8230 8234 8423 9722 9720 9726 9717 10608 3288 7684 568 7681 3107 3126 7624 8216 1841 7609 7855 7721 7852 7724 7727 7730 7733 7736 7739 1895 8385 1268 1861 1857 1854 1853 10655
T2-r2000-1,congestion,lpa,2,SUCCESS,1.9025,,,,275,2726.3013,331.8433,2701.0982,324.1318,879.6982,true,9407 9378 9381 9385 9413 9361 2686 2690 8220 8223 2642 4568 8226 8228 3763 8230 8234 8423 9722 9720 9726 9717 10608 3288 7684 568 7681 3107 3126 7624 8216 1841 7609 7855 7721 7852 7724 7727 7730 7733 7736 7739 1895 8385 1268 1861 1857 1854 1853 10655
T2-r2000-1,congestion,lpa,3,SUCCESS,1.485,,,,275,2726.3013,331.8433,2701.0982,324.1318,879.6982,true,9407 9378 9381 9385 9413 9361 2686 2690 8220 8223 2642 4568 8226 8228 3763 8230 8234 8423 9722 9720 9726 9717 10608 3288 7684 568 7681 3107 3126 7624 8216 1841 7609 7855 7721 7852 7724 7727 7730 7733 7736 7739 1895 8385 1268 1861 1857 1854 1853 10655
T2-r2000-1,congestion,lpa,4,SUCCESS,3.0152,,,,275,2726.3013,331.8433,2701.0982,324.1318,879.6982,true,9407 9378 9381 9385 9413 9361 2686 2690 8220 8223 2642 4568 8226 8228 3763 8230 8234 8423 9722 9720 9726 9717 10608 3288 7684 568 7681 3107 3126 7624 8216 1841 7609 7855 7721 7852 7724 7727 7730 7733 7736 7739 1895 8385 1268 1861 1857 1854 1853 10655
T2-r2000-1,congestion,lpa,5,SUCCESS,2.6633,,,,275,2726.3013,331.8433,2701.0982,324.1318,879.6982,true,9407 9378 9381 9385 9413 9361 2686 2690 8220 8223 2642 4568 8226 8228 3763 8230 8234 8423 9722 9720 9726 9717 10608 3288 7684 568 7681 3107 3126 7624 8216 1841 7609 7855 7721 7852 7724 7727 7730 7733 7736 7739 1895 8385 1268 1861 1857 1854 1853 10655
T2-r2000-1,closure,astar,1,SUCCESS,0.7963,,,,289,2701.857,324.2228,2701.0982,324.1318,,true,9407 9378 9381 9385 9413 9361 2685 2683 2673 4575 2670 2658 1480 425 7528 3884 8202 4941 8204 8206 8209 8210 7668 532 8211 8213 4275 1940 1936 1933 1929 1926 1923 1920 1917 1914 1911 1908 1905 1902 1899 1896 1895 8385 1268 1861 1857 1854 1853 10655
T2-r2000-1,closure,astar,2,SUCCESS,0.8199,,,,289,2701.857,324.2228,2701.0982,324.1318,,true,9407 9378 9381 9385 9413 9361 2685 2683 2673 4575 2670 2658 1480 425 7528 3884 8202 4941 8204 8206 8209 8210 7668 532 8211 8213 4275 1940 1936 1933 1929 1926 1923 1920 1917 1914 1911 1908 1905 1902 1899 1896 1895 8385 1268 1861 1857 1854 1853 10655
T2-r2000-1,closure,astar,3,SUCCESS,0.7105,,,,289,2701.857,324.2228,2701.0982,324.1318,,true,9407 9378 9381 9385 9413 9361 2685 2683 2673 4575 2670 2658 1480 425 7528 3884 8202 4941 8204 8206 8209 8210 7668 532 8211 8213 4275 1940 1936 1933 1929 1926 1923 1920 1917 1914 1911 1908 1905 1902 1899 1896 1895 8385 1268 1861 1857 1854 1853 10655
T2-r2000-1,closure,astar,4,SUCCESS,0.7959,,,,289,2701.857,324.2228,2701.0982,324.1318,,true,9407 9378 9381 9385 9413 9361 2685 2683 2673 4575 2670 2658 1480 425 7528 3884 8202 4941 8204 8206 8209 8210 7668 532 8211 8213 4275 1940 1936 1933 1929 1926 1923 1920 1917 1914 1911 1908 1905 1902 1899 1896 1895 8385 1268 1861 1857 1854 1853 10655
T2-r2000-1,closure,astar,5,SUCCESS,0.796,,,,289,2701.857,324.2228,2701.0982,324.1318,,true,9407 9378 9381 9385 9413 9361 2685 2683 2673 4575 2670 2658 1480 425 7528 3884 8202 4941 8204 8206 8209 8210 7668 532 8211 8213 4275 1940 1936 1933 1929 1926 1923 1920 1917 1914 1911 1908 1905 1902 1899 1896 1895 8385 1268 1861 1857 1854 1853 10655
T2-r2000-1,closure,cch,1,SUCCESS,1.9162,1.6296,0.2866,3507,97,2701.857,324.2228,2701.0982,324.1318,,true,9407 9378 9381 9385 9413 9361 2685 2683 2673 4575 2670 2658 1480 425 7528 3884 8202 4941 8204 8206 8209 8210 7668 532 8211 8213 4275 1940 1936 1933 1929 1926 1923 1920 1917 1914 1911 1908 1905 1902 1899 1896 1895 8385 1268 1861 1857 1854 1853 10655
T2-r2000-1,closure,cch,2,SUCCESS,2.6428,2.3091,0.3337,3507,97,2701.857,324.2228,2701.0982,324.1318,,true,9407 9378 9381 9385 9413 9361 2685 2683 2673 4575 2670 2658 1480 425 7528 3884 8202 4941 8204 8206 8209 8210 7668 532 8211 8213 4275 1940 1936 1933 1929 1926 1923 1920 1917 1914 1911 1908 1905 1902 1899 1896 1895 8385 1268 1861 1857 1854 1853 10655
T2-r2000-1,closure,cch,3,SUCCESS,1.1842,0.8989,0.2853,3507,97,2701.857,324.2228,2701.0982,324.1318,,true,9407 9378 9381 9385 9413 9361 2685 2683 2673 4575 2670 2658 1480 425 7528 3884 8202 4941 8204 8206 8209 8210 7668 532 8211 8213 4275 1940 1936 1933 1929 1926 1923 1920 1917 1914 1911 1908 1905 1902 1899 1896 1895 8385 1268 1861 1857 1854 1853 10655
T2-r2000-1,closure,cch,4,SUCCESS,2.036,1.7125,0.3235,3507,97,2701.857,324.2228,2701.0982,324.1318,,true,9407 9378 9381 9385 9413 9361 2685 2683 2673 4575 2670 2658 1480 425 7528 3884 8202 4941 8204 8206 8209 8210 7668 532 8211 8213 4275 1940 1936 1933 1929 1926 1923 1920 1917 1914 1911 1908 1905 1902 1899 1896 1895 8385 1268 1861 1857 1854 1853 10655
T2-r2000-1,closure,cch,5,SUCCESS,2.3593,2.2621,0.0972,3507,97,2701.857,324.2228,2701.0982,324.1318,,true,9407 9378 9381 9385 9413 9361 2685 2683 2673 4575 2670 2658 1480 425 7528 3884 8202 4941 8204 8206 8209 8210 7668 532 8211 8213 4275 1940 1936 1933 1929 1926 1923 1920 1917 1914 1911 1908 1905 1902 1899 1896 1895 8385 1268 1861 1857 1854 1853 10655
T2-r2000-1,closure,lpa,1,SUCCESS,1.3324,,,,120,2701.857,324.2228,2701.0982,324.1318,,true,9407 9378 9381 9385 9413 9361 2685 2683 2673 4575 2670 2658 1480 425 7528 3884 8202 4941 8204 8206 8209 8210 7668 532 8211 8213 4275 1940 1936 1933 1929 1926 1923 1920 1917 1914 1911 1908 1905 1902 1899 1896 1895 8385 1268 1861 1857 1854 1853 10655
T2-r2000-1,closure,lpa,2,SUCCESS,0.675,,,,120,2701.857,324.2228,2701.0982,324.1318,,true,9407 9378 9381 9385 9413 9361 2685 2683 2673 4575 2670 2658 1480 425 7528 3884 8202 4941 8204 8206 8209 8210 7668 532 8211 8213 4275 1940 1936 1933 1929 1926 1923 1920 1917 1914 1911 1908 1905 1902 1899 1896 1895 8385 1268 1861 1857 1854 1853 10655
T2-r2000-1,closure,lpa,3,SUCCESS,1.2856,,,,120,2701.857,324.2228,2701.0982,324.1318,,true,9407 9378 9381 9385 9413 9361 2685 2683 2673 4575 2670 2658 1480 425 7528 3884 8202 4941 8204 8206 8209 8210 7668 532 8211 8213 4275 1940 1936 1933 1929 1926 1923 1920 1917 1914 1911 1908 1905 1902 1899 1896 1895 8385 1268 1861 1857 1854 1853 10655
T2-r2000-1,closure,lpa,4,SUCCESS,0.875,,,,120,2701.857,324.2228,2701.0982,324.1318,,true,9407 9378 9381 9385 9413 9361 2685 2683 2673 4575 2670 2658 1480 425 7528 3884 8202 4941 8204 8206 8209 8210 7668 532 8211 8213 4275 1940 1936 1933 1929 1926 1923 1920 1917 1914 1911 1908 1905 1902 1899 1896 1895 8385 1268 1861 1857 1854 1853 10655
T2-r2000-1,closure,lpa,5,SUCCESS,1.0891,,,,120,2701.857,324.2228,2701.0982,324.1318,,true,9407 9378 9381 9385 9413 9361 2685 2683 2673 4575 2670 2658 1480 425 7528 3884 8202 4941 8204 8206 8209 8210 7668 532 8211 8213 4275 1940 1936 1933 1929 1926 1923 1920 1917 1914 1911 1908 1905 1902 1899 1896 1895 8385 1268 1861 1857 1854 1853 10655
T2-r2000-1,both,astar,1,SUCCESS,1.2607,,,,444,3268.8569,396.9499,2701.0982,324.1318,,true,9407 9378 9381 9385 9413 9361 2686 2690 8220 8223 2642 4568 8226 8228 3763 8230 8234 8423 9722 9720 9726 9717 10608 3290 10969 10970 10972 7638 7635 875 7633 8342 686 682 9246 2723 520 517 514 512 2709 2713 7785 9267 9264 9260 7724 7727 7730 7733 7736 7739 1895 8385 1268 1861 1857 1854 1853 10655
T2-r2000-1,both,astar,2,SUCCESS,1.2836,,,,444,3268.8569,396.9499,2701.0982,324.1318,,true,9407 9378 9381 9385 9413 9361 2686 2690 8220 8223 2642 4568 8226 8228 3763 8230 8234 8423 9722 9720 9726 9717 10608 3290 10969 10970 10972 7638 7635 875 7633 8342 686 682 9246 2723 520 517 514 512 2709 2713 7785 9267 9264 9260 7724 7727 7730 7733 7736 7739 1895 8385 1268 1861 1857 1854 1853 10655
T2-r2000-1,both,astar,3,SUCCESS,1.4573,,,,444,3268.8569,396.9499,2701.0982,324.1318,,true,9407 9378 9381 9385 9413 9361 2686 2690 8220 8223 2642 4568 8226 8228 3763 8230 8234 8423 9722 9720 9726 9717 10608 3290 10969 10970 10972 7638 7635 875 7633 8342 686 682 9246 2723 520 517 514 512 2709 2713 7785 9267 9264 9260 7724 7727 7730 7733 7736 7739 1895 8385 1268 1861 1857 1854 1853 10655
T2-r2000-1,both,astar,4,SUCCESS,1.2798,,,,444,3268.8569,396.9499,2701.0982,324.1318,,true,9407 9378 9381 9385 9413 9361 2686 2690 8220 8223 2642 4568 8226 8228 3763 8230 8234 8423 9722 9720 9726 9717 10608 3290 10969 10970 10972 7638 7635 875 7633 8342 686 682 9246 2723 520 517 514 512 2709 2713 7785 9267 9264 9260 7724 7727 7730 7733 7736 7739 1895 8385 1268 1861 1857 1854 1853 10655
T2-r2000-1,both,astar,5,SUCCESS,0.8965,,,,444,3268.8569,396.9499,2701.0982,324.1318,,true,9407 9378 9381 9385 9413 9361 2686 2690 8220 8223 2642 4568 8226 8228 3763 8230 8234 8423 9722 9720 9726 9717 10608 3290 10969 10970 10972 7638 7635 875 7633 8342 686 682 9246 2723 520 517 514 512 2709 2713 7785 9267 9264 9260 7724 7727 7730 7733 7736 7739 1895 8385 1268 1861 1857 1854 1853 10655
T2-r2000-1,both,cch,1,SUCCESS,2.8822,2.5915,0.2907,7396,97,3268.8569,396.9499,2701.0982,324.1318,,true,9407 9378 9381 9385 9413 9361 2686 2690 8220 8223 2642 4568 8226 8228 3763 8230 8234 8423 9722 9720 9726 9717 10608 3290 10969 10970 10972 7638 7635 875 7633 8342 686 682 9246 2723 520 517 514 512 2709 2713 7785 9267 9264 9260 7724 7727 7730 7733 7736 7739 1895 8385 1268 1861 1857 1854 1853 10655
T2-r2000-1,both,cch,2,SUCCESS,6.4518,5.9985,0.4533,7396,97,3268.8569,396.9499,2701.0982,324.1318,,true,9407 9378 9381 9385 9413 9361 2686 2690 8220 8223 2642 4568 8226 8228 3763 8230 8234 8423 9722 9720 9726 9717 10608 3290 10969 10970 10972 7638 7635 875 7633 8342 686 682 9246 2723 520 517 514 512 2709 2713 7785 9267 9264 9260 7724 7727 7730 7733 7736 7739 1895 8385 1268 1861 1857 1854 1853 10655
T2-r2000-1,both,cch,3,SUCCESS,1.9969,1.7057,0.2912,7396,97,3268.8569,396.9499,2701.0982,324.1318,,true,9407 9378 9381 9385 9413 9361 2686 2690 8220 8223 2642 4568 8226 8228 3763 8230 8234 8423 9722 9720 9726 9717 10608 3290 10969 10970 10972 7638 7635 875 7633 8342 686 682 9246 2723 520 517 514 512 2709 2713 7785 9267 9264 9260 7724 7727 7730 7733 7736 7739 1895 8385 1268 1861 1857 1854 1853 10655
T2-r2000-1,both,cch,4,SUCCESS,2.947,2.6526,0.2944,7396,97,3268.8569,396.9499,2701.0982,324.1318,,true,9407 9378 9381 9385 9413 9361 2686 2690 8220 8223 2642 4568 8226 8228 3763 8230 8234 8423 9722 9720 9726 9717 10608 3290 10969 10970 10972 7638 7635 875 7633 8342 686 682 9246 2723 520 517 514 512 2709 2713 7785 9267 9264 9260 7724 7727 7730 7733 7736 7739 1895 8385 1268 1861 1857 1854 1853 10655
T2-r2000-1,both,cch,5,SUCCESS,7.2886,6.9358,0.3528,7396,97,3268.8569,396.9499,2701.0982,324.1318,,true,9407 9378 9381 9385 9413 9361 2686 2690 8220 8223 2642 4568 8226 8228 3763 8230 8234 8423 9722 9720 9726 9717 10608 3290 10969 10970 10972 7638 7635 875 7633 8342 686 682 9246 2723 520 517 514 512 2709 2713 7785 9267 9264 9260 7724 7727 7730 7733 7736 7739 1895 8385 1268 1861 1857 1854 1853 10655
T2-r2000-1,both,lpa,1,SUCCESS,2.9372,,,,468,3268.8569,396.9499,2701.0982,324.1318,,true,9407 9378 9381 9385 9413 9361 2686 2690 8220 8223 2642 4568 8226 8228 3763 8230 8234 8423 9722 9720 9726 9717 10608 3290 10969 10970 10972 7638 7635 875 7633 8342 686 682 9246 2723 520 517 514 512 2709 2713 7785 9267 9264 9260 7724 7727 7730 7733 7736 7739 1895 8385 1268 1861 1857 1854 1853 10655
T2-r2000-1,both,lpa,2,SUCCESS,4.578,,,,468,3268.8569,396.9499,2701.0982,324.1318,,true,9407 9378 9381 9385 9413 9361 2686 2690 8220 8223 2642 4568 8226 8228 3763 8230 8234 8423 9722 9720 9726 9717 10608 3290 10969 10970 10972 7638 7635 875 7633 8342 686 682 9246 2723 520 517 514 512 2709 2713 7785 9267 9264 9260 7724 7727 7730 7733 7736 7739 1895 8385 1268 1861 1857 1854 1853 10655
T2-r2000-1,both,lpa,3,SUCCESS,3.4445,,,,468,3268.8569,396.9499,2701.0982,324.1318,,true,9407 9378 9381 9385 9413 9361 2686 2690 8220 8223 2642 4568 8226 8228 3763 8230 8234 8423 9722 9720 9726 9717 10608 3290 10969 10970 10972 7638 7635 875 7633 8342 686 682 9246 2723 520 517 514 512 2709 2713 7785 9267 9264 9260 7724 7727 7730 7733 7736 7739 1895 8385 1268 1861 1857 1854 1853 10655
T2-r2000-1,both,lpa,4,SUCCESS,2.6538,,,,468,3268.8569,396.9499,2701.0982,324.1318,,true,9407 9378 9381 9385 9413 9361 2686 2690 8220 8223 2642 4568 8226 8228 3763 8230 8234 8423 9722 9720 9726 9717 10608 3290 10969 10970 10972 7638 7635 875 7633 8342 686 682 9246 2723 520 517 514 512 2709 2713 7785 9267 9264 9260 7724 7727 7730 7733 7736 7739 1895 8385 1268 1861 1857 1854 1853 10655
T2-r2000-1,both,lpa,5,SUCCESS,3.6621,,,,468,3268.8569,396.9499,2701.0982,324.1318,,true,9407 9378 9381 9385 9413 9361 2686 2690 8220 8223 2642 4568 8226 8228 3763 8230 8234 8423 9722 9720 9726 9717 10608 3290 10969 10970 10972 7638 7635 875 7633 8342 686 682 9246 2723 520 517 514 512 2709 2713 7785 9267 9264 9260 7724 7727 7730 7733 7736 7739 1895 8385 1268 1861 1857 1854 1853 10655
T2-r2000-2,congestion,astar,1,SUCCESS,4.6899,,,,1377,4489.7799,611.793,3804.6466,456.5576,1133.6898,true,4699 1191 1188 1185 1182 1181 6216 6213 1175 1171 1168 1165 1161 1158 1155 1152 1148 1145 1142 1139 492 496 499 502 505 510 5608 10653 10656 1851 1848 1845 7868 10026 2885 2889 2893 2896 2586 2589 2552 2549 2547 4943 4946 4949 3877 3810 2869 2881 2884 4952 3881 7530 423 1481 2659 2671 4576 2674 2682 2687 9362 9366 10816 9372 9391
T2-r2000-2,congestion,astar,2,SUCCESS,2.7439,,,,1377,4489.7799,611.793,3804.6466,456.5576,1133.6898,true,4699 1191 1188 1185 1182 1181 6216 6213 1175 1171 1168 1165 1161 1158 1155 1152 1148 1145 1142 1139 492 496 499 502 505 510 5608 10653 10656 1851 1848 1845 7868 10026 2885 2889 2893 2896 2586 2589 2552 2549 2547 4943 4946 4949 3877 3810 2869 2881 2884 4952 3881 7530 423 1481 2659 2671 4576 2674 2682 2687 9362 9366 10816 9372 9391
T2-r2000-2,congestion,astar,3,SUCCESS,2.3241,,,,1377,4489.7799,611.793,3804.6466,456.5576,1133.6898,true,4699 1191 1188 1185 1182 1181 6216 6213 1175 1171 1168 1165 1161 1158 1155 1152 1148 1145 1142 1139 492 496 499 502 505 510 5608 10653 10656 1851 1848 1845 7868 10026 2885 2889 2893 2896 2586 2589 2552 2549 2547 4943 4946 4949 3877 3810 2869 2881 2884 4952 3881 7530 423 1481 2659 2671 4576 2674 2682 2687 9362 9366 10816 9372 9391
T2-r2000-2,congestion,astar,4,SUCCESS,1.7461,,,,1377,4489.7799,611.793,3804.6466,456.5576,1133.6898,true,4699 1191 1188 1185 1182 1181 6216 6213 1175 1171 1168 1165 1161 1158 1155 1152 1148 1145 1142 1139 492 496 499 502 505 510 5608 10653 10656 1851 1848 1845 7868 10026 2885 2889 2893 2896 2586 2589 2552 2549 2547 4943 4946 4949 3877 3810 2869 2881 2884 4952 3881 7530 423 1481 2659 2671 4576 2674 2682 2687 9362 9366 10816 9372 9391
T2-r2000-2,congestion,astar,5,SUCCESS,0.757,,,,1377,4489.7799,611.793,3804.6466,456.5576,1133.6898,true,4699 1191 1188 1185 1182 1181 6216 6213 1175 1171 1168 1165 1161 1158 1155 1152 1148 1145 1142 1139 492 496 499 502 505 510 5608 10653 10656 1851 1848 1845 7868 10026 2885 2889 2893 2896 2586 2589 2552 2549 2547 4943 4946 4949 3877 3810 2869 2881 2884 4952 3881 7530 423 1481 2659 2671 4576 2674 2682 2687 9362 9366 10816 9372 9391
T2-r2000-2,congestion,cch,1,SUCCESS,2.098,1.8271,0.2709,6865,110,4489.7799,611.793,3804.6466,456.5576,1133.6898,true,4699 1191 1188 1185 1182 1181 6216 6213 1175 1171 1168 1165 1161 1158 1155 1152 1148 1145 1142 1139 492 496 499 502 505 510 5608 10653 10656 1851 1848 1845 7868 10026 2885 2889 2893 2896 2586 2589 2552 2549 2547 4943 4946 4949 3877 3810 2869 2881 2884 4952 3881 7530 423 1481 2659 2671 4576 2674 2682 2687 9362 9366 10816 9372 9391
T2-r2000-2,congestion,cch,2,SUCCESS,1.7576,1.5039,0.2537,6865,110,4489.7799,611.793,3804.6466,456.5576,1133.6898,true,4699 1191 1188 1185 1182 1181 6216 6213 1175 1171 1168 1165 1161 1158 1155 1152 1148 1145 1142 1139 492 496 499 502 505 510 5608 10653 10656 1851 1848 1845 7868 10026 2885 2889 2893 2896 2586 2589 2552 2549 2547 4943 4946 4949 3877 3810 2869 2881 2884 4952 3881 7530 423 1481 2659 2671 4576 2674 2682 2687 9362 9366 10816 9372 9391
T2-r2000-2,congestion,cch,3,SUCCESS,1.8605,1.61,0.2505,6865,110,4489.7799,611.793,3804.6466,456.5576,1133.6898,true,4699 1191 1188 1185 1182 1181 6216 6213 1175 1171 1168 1165 1161 1158 1155 1152 1148 1145 1142 1139 492 496 499 502 505 510 5608 10653 10656 1851 1848 1845 7868 10026 2885 2889 2893 2896 2586 2589 2552 2549 2547 4943 4946 4949 3877 3810 2869 2881 2884 4952 3881 7530 423 1481 2659 2671 4576 2674 2682 2687 9362 9366 10816 9372 9391
T2-r2000-2,congestion,cch,4,SUCCESS,1.846,1.5272,0.3188,6865,110,4489.7799,611.793,3804.6466,456.5576,1133.6898,true,4699 1191 1188 1185 1182 1181 6216 6213 1175 1171 1168 1165 1161 1158 1155 1152 1148 1145 1142 1139 492 496 499 502 505 510 5608 10653 10656 1851 1848 1845 7868 10026 2885 2889 2893 2896 2586 2589 2552 2549 2547 4943 4946 4949 3877 3810 2869 2881 2884 4952 3881 7530 423 1481 2659 2671 4576 2674 2682 2687 9362 9366 10816 9372 9391
T2-r2000-2,congestion,cch,5,SUCCESS,1.5365,1.2136,0.3229,6865,110,4489.7799,611.793,3804.6466,456.5576,1133.6898,true,4699 1191 1188 1185 1182 1181 6216 6213 1175 1171 1168 1165 1161 1158 1155 1152 1148 1145 1142 1139 492 496 499 502 505 510 5608 10653 10656 1851 1848 1845 7868 10026 2885 2889 2893 2896 2586 2589 2552 2549 2547 4943 4946 4949 3877 3810 2869 2881 2884 4952 3881 7530 423 1481 2659 2671 4576 2674 2682 2687 9362 9366 10816 9372 9391
T2-r2000-2,congestion,lpa,1,SUCCESS,1.6847,,,,1022,4489.7799,611.793,3804.6466,456.5576,1133.6898,true,4699 1191 1188 1185 1182 1181 6216 6213 1175 1171 1168 1165 1161 1158 1155 1152 1148 1145 1142 1139 492 496 499 502 505 510 5608 10653 10656 1851 1848 1845 7868 10026 2885 2889 2893 2896 2586 2589 2552 2549 2547 4943 4946 4949 3877 3810 2869 2881 2884 4952 3881 7530 423 1481 2659 2671 4576 2674 2682 2687 9362 9366 10816 9372 9391
T2-r2000-2,congestion,lpa,2,SUCCESS,1.5858,,,,1022,4489.7799,611.793,3804.6466,456.5576,1133.6898,true,4699 1191 1188 1185 1182 1181 6216 6213 1175 1171 1168 1165 1161 1158 1155 1152 1148 1145 1142 1139 492 496 499 502 505 510 5608 10653 10656 1851 1848 1845 7868 10026 2885 2889 2893 2896 2586 2589 2552 2549 2547 4943 4946 4949 3877 3810 2869 2881 2884 4952 3881 7530 423 1481 2659 2671 4576 2674 2682 2687 9362 9366 10816 9372 9391
T2-r2000-2,congestion,lpa,3,SUCCESS,1.6646,,,,1022,4489.7799,611.793,3804.6466,456.5576,1133.6898,true,4699 1191 1188 1185 1182 1181 6216 6213 1175 1171 1168 1165 1161 1158 1155 1152 1148 1145 1142 1139 492 496 499 502 505 510 5608 10653 10656 1851 1848 1845 7868 10026 2885 2889 2893 2896 2586 2589 2552 2549 2547 4943 4946 4949 3877 3810 2869 2881 2884 4952 3881 7530 423 1481 2659 2671 4576 2674 2682 2687 9362 9366 10816 9372 9391
T2-r2000-2,congestion,lpa,4,SUCCESS,1.4768,,,,1022,4489.7799,611.793,3804.6466,456.5576,1133.6898,true,4699 1191 1188 1185 1182 1181 6216 6213 1175 1171 1168 1165 1161 1158 1155 1152 1148 1145 1142 1139 492 496 499 502 505 510 5608 10653 10656 1851 1848 1845 7868 10026 2885 2889 2893 2896 2586 2589 2552 2549 2547 4943 4946 4949 3877 3810 2869 2881 2884 4952 3881 7530 423 1481 2659 2671 4576 2674 2682 2687 9362 9366 10816 9372 9391
T2-r2000-2,congestion,lpa,5,SUCCESS,1.2509,,,,1022,4489.7799,611.793,3804.6466,456.5576,1133.6898,true,4699 1191 1188 1185 1182 1181 6216 6213 1175 1171 1168 1165 1161 1158 1155 1152 1148 1145 1142 1139 492 496 499 502 505 510 5608 10653 10656 1851 1848 1845 7868 10026 2885 2889 2893 2896 2586 2589 2552 2549 2547 4943 4946 4949 3877 3810 2869 2881 2884 4952 3881 7530 423 1481 2659 2671 4576 2674 2682 2687 9362 9366 10816 9372 9391
T2-r2000-2,closure,astar,1,SUCCESS,2.7619,,,,1119,3911.7514,469.4102,3804.6466,456.5576,,true,4699 1191 1188 1185 1182 1178 1175 1171 1168 1165 1164 8402 8405 8408 8411 8414 8814 7763 7773 7775 7778 7781 7784 2711 2708 511 515 518 521 7604 7606 7622 7625 7627 3122 4573 535 414 415 417 419 420 422 1481 2659 2671 4576 2674 2682 2687 9363 9412 9384 9387 9391
T2-r2000-2,closure,astar,2,SUCCESS,2.7215,,,,1119,3911.7514,469.4102,3804.6466,456.5576,,true,4699 1191 1188 1185 1182 1178 1175 1171 1168 1165 1164 8402 8405 8408 8411 8414 8814 7763 7773 7775 7778 7781 7784 2711 2708 511 515 518 521 7604 7606 7622 7625 7627 3122 4573 535 414 415 417 419 420 422 1481 2659 2671 4576 2674 2682 2687 9363 9412 9384 9387 9391
T2-r2000-2,closure,astar,3,SUCCESS,2.5135,,,,1119,3911.7514,469.4102,3804.6466,456.5576,,true,4699 1191 1188 1185 1182 1178 1175 1171 1168 1165 1164 8402 8405 8408 8411 8414 8814 7763 7773 7775 7778 7781 7784 2711 2708 511 515 518 521 7604 7606 7622 7625 7627 3122 4573 535 414 415 417 419 420 422 1481 2659 2671 4576 2674 2682 2687 9363 9412 9384 9387 9391
T2-r2000-2,closure,astar,4,SUCCESS,3.5837,,,,1119,3911.7514,469.4102,3804.6466,456.5576,,true,4699 1191 1188 1185 1182 1178 1175 1171 1168 1165 1164 8402 8405 8408 8411 8414 8814 7763 7773 7775 7778 7781 7784 2711 2708 511 515 518 521 7604 7606 7622 7625 7627 3122 4573 535 414 415 417 419 420 422 1481 2659 2671 4576 2674 2682 2687 9363 9412 9384 9387 9391
T2-r2000-2,closure,astar,5,SUCCESS,2.9256,,,,1119,3911.7514,469.4102,3804.6466,456.5576,,true,4699 1191 1188 1185 1182 1178 1175 1171 1168 1165 1164 8402 8405 8408 8411 8414 8814 7763 7773 7775 7778 7781 7784 2711 2708 511 515 518 521 7604 7606 7622 7625 7627 3122 4573 535 414 415 417 419 420 422 1481 2659 2671 4576 2674 2682 2687 9363 9412 9384 9387 9391
T2-r2000-2,closure,cch,1,SUCCESS,0.9159,0.8216,0.0943,3368,110,3911.7514,469.4102,3804.6466,456.5576,,true,4699 1191 1188 1185 1182 1178 1175 1171 1168 1165 1164 8402 8405 8408 8411 8414 8814 7763 7773 7775 7778 7781 7784 2711 2708 511 515 518 521 7604 7606 7622 7625 7627 3122 4573 535 414 415 417 419 420 422 1481 2659 2671 4576 2674 2682 2687 9363 9412 9384 9387 9391
T2-r2000-2,closure,cch,2,SUCCESS,1.0878,0.8228,0.265,3368,110,3911.7514,469.4102,3804.6466,456.5576,,true,4699 1191 1188 1185 1182 1178 1175 1171 1168 1165 1164 8402 8405 8408 8411 8414 8814 7763 7773 7775 7778 7781 7784 2711 2708 511 515 518 521 7604 7606 7622 7625 7627 3122 4573 535 414 415 417 419 420 422 1481 2659 2671 4576 2674 2682 2687 9363 9412 9384 9387 9391
T2-r2000-2,closure,cch,3,SUCCESS,1.0021,0.7535,0.2486,3368,110,3911.7514,469.4102,3804.6466,456.5576,,true,4699 1191 1188 1185 1182 1178 1175 1171 1168 1165 1164 8402 8405 8408 8411 8414 8814 7763 7773 7775 7778 7781 7784 2711 2708 511 515 518 521 7604 7606 7622 7625 7627 3122 4573 535 414 415 417 419 420 422 1481 2659 2671 4576 2674 2682 2687 9363 9412 9384 9387 9391
T2-r2000-2,closure,cch,4,SUCCESS,0.9938,0.7534,0.2404,3368,110,3911.7514,469.4102,3804.6466,456.5576,,true,4699 1191 1188 1185 1182 1178 1175 1171 1168 1165 1164 8402 8405 8408 8411 8414 8814 7763 7773 7775 7778 7781 7784 2711 2708 511 515 518 521 7604 7606 7622 7625 7627 3122 4573 535 414 415 417 419 420 422 1481 2659 2671 4576 2674 2682 2687 9363 9412 9384 9387 9391
T2-r2000-2,closure,cch,5,SUCCESS,0.9875,0.7494,0.2381,3368,110,3911.7514,469.4102,3804.6466,456.5576,,true,4699 1191 1188 1185 1182 1178 1175 1171 1168 1165 1164 8402 8405 8408 8411 8414 8814 7763 7773 7775 7778 7781 7784 2711 2708 511 515 518 521 7604 7606 7622 7625 7627 3122 4573 535 414 415 417 419 420 422 1481 2659 2671 4576 2674 2682 2687 9363 9412 9384 9387 9391
T2-r2000-2,closure,lpa,1,SUCCESS,0.6397,,,,105,3911.7514,469.4102,3804.6466,456.5576,,true,4699 1191 1188 1185 1182 1178 1175 1171 1168 1165 1164 8402 8405 8408 8411 8414 8814 7763 7773 7775 7778 7781 7784 2711 2708 511 515 518 521 7604 7606 7622 7625 7627 3122 4573 535 414 415 417 419 420 422 1481 2659 2671 4576 2674 2682 2687 9363 9412 9384 9387 9391
T2-r2000-2,closure,lpa,2,SUCCESS,0.5749,,,,105,3911.7514,469.4102,3804.6466,456.5576,,true,4699 1191 1188 1185 1182 1178 1175 1171 1168 1165 1164 8402 8405 8408 8411 8414 8814 7763 7773 7775 7778 7781 7784 2711 2708 511 515 518 521 7604 7606 7622 7625 7627 3122 4573 535 414 415 417 419 420 422 1481 2659 2671 4576 2674 2682 2687 9363 9412 9384 9387 9391
T2-r2000-2,closure,lpa,3,SUCCESS,0.1578,,,,105,3911.7514,469.4102,3804.6466,456.5576,,true,4699 1191 1188 1185 1182 1178 1175 1171 1168 1165 1164 8402 8405 8408 8411 8414 8814 7763 7773 7775 7778 7781 7784 2711 2708 511 515 518 521 7604 7606 7622 7625 7627 3122 4573 535 414 415 417 419 420 422 1481 2659 2671 4576 2674 2682 2687 9363 9412 9384 9387 9391
T2-r2000-2,closure,lpa,4,SUCCESS,0.7421,,,,105,3911.7514,469.4102,3804.6466,456.5576,,true,4699 1191 1188 1185 1182 1178 1175 1171 1168 1165 1164 8402 8405 8408 8411 8414 8814 7763 7773 7775 7778 7781 7784 2711 2708 511 515 518 521 7604 7606 7622 7625 7627 3122 4573 535 414 415 417 419 420 422 1481 2659 2671 4576 2674 2682 2687 9363 9412 9384 9387 9391
T2-r2000-2,closure,lpa,5,SUCCESS,0.3026,,,,105,3911.7514,469.4102,3804.6466,456.5576,,true,4699 1191 1188 1185 1182 1178 1175 1171 1168 1165 1164 8402 8405 8408 8411 8414 8814 7763 7773 7775 7778 7781 7784 2711 2708 511 515 518 521 7604 7606 7622 7625 7627 3122 4573 535 414 415 417 419 420 422 1481 2659 2671 4576 2674 2682 2687 9363 9412 9384 9387 9391
T2-r2000-2,both,astar,1,SUCCESS,1.616,,,,1372,4489.7799,611.793,3804.6466,456.5576,,true,4699 1191 1188 1185 1182 1181 6216 6213 1175 1171 1168 1165 1161 1158 1155 1152 1148 1145 1142 1139 492 496 499 502 505 510 5608 10653 10656 1851 1848 1845 7868 10026 2885 2889 2893 2896 2586 2589 2552 2549 2547 4943 4946 4949 3877 3810 2869 2881 2884 4952 3881 7530 423 1481 2659 2671 4576 2674 2682 2687 9362 9366 10816 9372 9391
T2-r2000-2,both,astar,2,SUCCESS,1.1593,,,,1372,4489.7799,611.793,3804.6466,456.5576,,true,4699 1191 1188 1185 1182 1181 6216 6213 1175 1171 1168 1165 1161 1158 1155 1152 1148 1145 1142 1139 492 496 499 502 505 510 5608 10653 10656 1851 1848 1845 7868 10026 2885 2889 2893 2896 2586 2589 2552 2549 2547 4943 4946 4949 3877 3810 2869 2881 2884 4952 3881 7530 423 1481 2659 2671 4576 2674 2682 2687 9362 9366 10816 9372 9391
T2-r2000-2,both,astar,3,SUCCESS,1.1786,,,,1372,4489.7799,611.793,3804.6466,456.5576,,true,4699 1191 1188 1185 1182 1181 6216 6213 1175 1171 1168 1165 1161 1158 1155 1152 1148 1145 1142 1139 492 496 499 502 505 510 5608 10653 10656 1851 1848 1845 7868 10026 2885 2889 2893 2896 2586 2589 2552 2549 2547 4943 4946 4949 3877 3810 2869 2881 2884 4952 3881 7530 423 1481 2659 2671 4576 2674 2682 2687 9362 9366 10816 9372 9391
T2-r2000-2,both,astar,4,SUCCESS,0.5888,,,,1372,4489.7799,611.793,3804.6466,456.5576,,true,4699 1191 1188 1185 1182 1181 6216 6213 1175 1171 1168 1165 1161 1158 1155 1152 1148 1145 1142 1139 492 496 499 502 505 510 5608 10653 10656 1851 1848 1845 7868 10026 2885 2889 2893 2896 2586 2589 2552 2549 2547 4943 4946 4949 3877 3810 2869 2881 2884 4952 3881 7530 423 1481 2659 2671 4576 2674 2682 2687 9362 9366 10816 9372 9391
T2-r2000-2,both,astar,5,SUCCESS,1.2601,,,,1372,4489.7799,611.793,3804.6466,456.5576,,true,4699 1191 1188 1185 1182 1181 6216 6213 1175 1171 1168 1165 1161 1158 1155 1152 1148 1145 1142 1139 492 496 499 502 505 510 5608 10653 10656 1851 1848 1845 7868 10026 2885 2889 2893 2896 2586 2589 2552 2549 2547 4943 4946 4949 3877 3810 2869 2881 2884 4952 3881 7530 423 1481 2659 2671 4576 2674 2682 2687 9362 9366 10816 9372 9391
T2-r2000-2,both,cch,1,SUCCESS,1.4859,1.2354,0.2505,7056,110,4489.7799,611.793,3804.6466,456.5576,,true,4699 1191 1188 1185 1182 1181 6216 6213 1175 1171 1168 1165 1161 1158 1155 1152 1148 1145 1142 1139 492 496 499 502 505 510 5608 10653 10656 1851 1848 1845 7868 10026 2885 2889 2893 2896 2586 2589 2552 2549 2547 4943 4946 4949 3877 3810 2869 2881 2884 4952 3881 7530 423 1481 2659 2671 4576 2674 2682 2687 9362 9366 10816 9372 9391
T2-r2000-2,both,cch,2,SUCCESS,1.5512,1.2435,0.3077,7056,110,4489.7799,611.793,3804.6466,456.5576,,true,4699 1191 1188 1185 1182 1181 6216 6213 1175 1171 1168 1165 1161 1158 1155 1152 1148 1145 1142 1139 492 496 499 502 505 510 5608 10653 10656 1851 1848 1845 7868 10026 2885 2889 2893 2896 2586 2589 2552 2549 2547 4943 4946 4949 3877 3810 2869 2881 2884 4952 3881 7530 423 1481 2659 2671 4576 2674 2682 2687 9362 9366 10816 9372 9391
T2-r2000-2,both,cch,3,SUCCESS,1.349,1.2467,0.1023,7056,110,4489.7799,611.793,3804.6466,456.5576,,true,4699 1191 1188 1185 1182 1181 6216 6213 1175 1171 1168 1165 1161 1158 1155 1152 1148 1145 1142 1139 492 496 499 502 505 510 5608 10653 10656 1851 1848 1845 7868 10026 2885 2889 2893 2896 2586 2589 2552 2549 2547 4943 4946 4949 3877 3810 2869 2881 2884 4952 3881 7530 423 1481 2659 2671 4576 2674 2682 2687 9362 9366 10816 9372 9391
T2-r2000-2,both,cch,4,SUCCESS,1.3413,1.2586,0.0827,7056,110,4489.7799,611.793,3804.6466,456.5576,,true,4699 1191 1188 1185 1182 1181 6216 6213 1175 1171 1168 1165 1161 1158 1155 1152 1148 1145 1142 1139 492 496 499 502 505 510 5608 10653 10656 1851 1848 1845 7868 10026 2885 2889 2893 2896 2586 2589 2552 2549 2547 4943 4946 4949 3877 3810 2869 2881 2884 4952 3881 7530 423 1481 2659 2671 4576 2674 2682 2687 9362 9366 10816 9372 9391
T2-r2000-2,both,cch,5,SUCCESS,1.5002,1.2391,0.2611,7056,110,4489.7799,611.793,3804.6466,456.5576,,true,4699 1191 1188 1185 1182 1181 6216 6213 1175 1171 1168 1165 1161 1158 1155 1152 1148 1145 1142 1139 492 496 499 502 505 510 5608 10653 10656 1851 1848 1845 7868 10026 2885 2889 2893 2896 2586 2589 2552 2549 2547 4943 4946 4949 3877 3810 2869 2881 2884 4952 3881 7530 423 1481 2659 2671 4576 2674 2682 2687 9362 9366 10816 9372 9391
T2-r2000-2,both,lpa,1,SUCCESS,4.5527,,,,1025,4489.7799,611.793,3804.6466,456.5576,,true,4699 1191 1188 1185 1182 1181 6216 6213 1175 1171 1168 1165 1161 1158 1155 1152 1148 1145 1142 1139 492 496 499 502 505 510 5608 10653 10656 1851 1848 1845 7868 10026 2885 2889 2893 2896 2586 2589 2552 2549 2547 4943 4946 4949 3877 3810 2869 2881 2884 4952 3881 7530 423 1481 2659 2671 4576 2674 2682 2687 9362 9366 10816 9372 9391
T2-r2000-2,both,lpa,2,SUCCESS,3.2002,,,,1025,4489.7799,611.793,3804.6466,456.5576,,true,4699 1191 1188 1185 1182 1181 6216 6213 1175 1171 1168 1165 1161 1158 1155 1152 1148 1145 1142 1139 492 496 499 502 505 510 5608 10653 10656 1851 1848 1845 7868 10026 2885 2889 2893 2896 2586 2589 2552 2549 2547 4943 4946 4949 3877 3810 2869 2881 2884 4952 3881 7530 423 1481 2659 2671 4576 2674 2682 2687 9362 9366 10816 9372 9391
T2-r2000-2,both,lpa,3,SUCCESS,3.4264,,,,1025,4489.7799,611.793,3804.6466,456.5576,,true,4699 1191 1188 1185 1182 1181 6216 6213 1175 1171 1168 1165 1161 1158 1155 1152 1148 1145 1142 1139 492 496 499 502 505 510 5608 10653 10656 1851 1848 1845 7868 10026 2885 2889 2893 2896 2586 2589 2552 2549 2547 4943 4946 4949 3877 3810 2869 2881 2884 4952 3881 7530 423 1481 2659 2671 4576 2674 2682 2687 9362 9366 10816 9372 9391
T2-r2000-2,both,lpa,4,SUCCESS,5.7152,,,,1025,4489.7799,611.793,3804.6466,456.5576,,true,4699 1191 1188 1185 1182 1181 6216 6213 1175 1171 1168 1165 1161 1158 1155 1152 1148 1145 1142 1139 492 496 499 502 505 510 5608 10653 10656 1851 1848 1845 7868 10026 2885 2889 2893 2896 2586 2589 2552 2549 2547 4943 4946 4949 3877 3810 2869 2881 2884 4952 3881 7530 423 1481 2659 2671 4576 2674 2682 2687 9362 9366 10816 9372 9391
T2-r2000-2,both,lpa,5,SUCCESS,2.2735,,,,1025,4489.7799,611.793,3804.6466,456.5576,,true,4699 1191 1188 1185 1182 1181 6216 6213 1175 1171 1168 1165 1161 1158 1155 1152 1148 1145 1142 1139 492 496 499 502 505 510 5608 10653 10656 1851 1848 1845 7868 10026 2885 2889 2893 2896 2586 2589 2552 2549 2547 4943 4946 4949 3877 3810 2869 2881 2884 4952 3881 7530 423 1481 2659 2671 4576 2674 2682 2687 9362 9366 10816 9372 9391
T2-r2000-3,congestion,astar,1,SUCCESS,0.347,,,,593,3925.991,477.3639,3506.094,420.7313,1137.7246,true,10034 1207 1204 1201 1198 1195 10011 10027 10008 10024 7867 1846 1849 1852 1855 1858 1862 1270 8386 1893 1897 1900 1903 1906 1909 1912 1915 1918 1921 1924 1927 1930 1934 1939 8284 8218 7623 3125 3108 7682 567 7690 10374 10371 10368 2820 10365 8339 7634 8344 3893 8359 8354 7850 8805 3488 4187 5313 8807 8809 4156 4153 4152 2985 2989 10848
T2-r2000-3,congestion,astar,2,SUCCESS,2.021,,,,593,3925.991,477.3639,3506.094,420.7313,1137.7246,true,10034 1207 1204 1201 1198 1195 10011 10027 10008 10024 7867 1846 1849 1852 1855 1858 1862 1270 8386 1893 1897 1900 1903 1906 1909 1912 1915 1918 1921 1924 1927 1930 1934 1939 8284 8218 7623 3125 3108 7682 567 7690 10374 10371 10368 2820 10365 8339 7634 8344 3893 8359 8354 7850 8805 3488 4187 5313 8807 8809 4156 4153 4152 2985 2989 10848
T2-r2000-3,congestion,astar,3,SUCCESS,2.1402,,,,593,3925.991,477.3639,3506.094,420.7313,1137.7246,true,10034 1207 1204 1201 1198 1195 10011 10027 10008 10024 7867 1846 1849 1852 1855 1858 1862 1270 8386 1893 1897 1900 1903 1906 1909 1912 1915 1918 1921 1924 1927 1930 1934 1939 8284 8218 7623 3125 3108 7682 567 7690 10374 10371 10368 2820 10365 8339 7634 8344 3893 8359 8354 7850 8805 3488 4187 5313 8807 8809 4156 4153 4152 2985 2989 10848
T2-r2000-3,congestion,astar,4,SUCCESS,1.213,,,,593,3925.991,477.3639,3506.094,420.7313,1137.7246,true,10034 1207 1204 1201 1198 1195 10011 10027 10008 10024 7867 1846 1849 1852 1855 1858 1862 1270 8386 1893 1897 1900 1903 1906 1909 1912 1915 1918 1921 1924 1927 1930 1934 1939 8284 8218 7623 3125 3108 7682 567 7690 10374 10371 10368 2820 10365 8339 7634 8344 3893 8359 8354 7850 8805 3488 4187 5313 8807 8809 4156 4153 4152 2985 2989 10848
T2-r2000-3,congestion,astar,5,SUCCESS,1.8115,,,,593,3925.991,477.3639,3506.094,420.7313,1137.7246,true,10034 1207 1204 1201 1198 1195 10011 10027 10008 10024 7867 1846 1849 1852 1855 1858 1862 1270 8386 1893 1897 1900 1903 1906 1909 1912 1915 1918 1921 1924 1927 1930 1934 1939 8284 8218 7623 3125 3108 7682 567 7690 10374 10371 10368 2820 10365 8339 7634 8344 3893 8359 8354 7850 8805 3488 4187 5313 8807 8809 4156 4153 4152 2985 2989 10848
T2-r2000-3,congestion,cch,1,SUCCESS,1.5891,1.3045,0.2846,7204,118,3925.991,477.3639,3506.094,420.7313,1137.7246,true,10034 1207 1204 1201 1198 1195 10011 10027 10008 10024 7867 1846 1849 1852 1855 1858 1862 1270 8386 1893 1897 1900 1903 1906 1909 1912 1915 1918 1921 1924 1927 1930 1934 1939 8284 8218 7623 3125 3108 7682 567 7690 10374 10371 10368 2820 10365 8339 7634 8344 3893 8359 8354 7850 8805 3488 4187 5313 8807 8809 4156 4153 4152 2985 2989 10848
T2-r2000-3,congestion,cch,2,SUCCESS,1.623,1.297,0.326,7204,118,3925.991,477.3639,3506.094,420.7313,1137.7246,true,10034 1207 1204 1201 1198 1195 10011 10027 10008 10024 7867 1846 1849 1852 1855 1858 1862 1270 8386 1893 1897 1900 1903 1906 1909 1912 1915 1918 1921 1924 1927 1930 1934 1939 8284 8218 7623 3125 3108 7682 567 7690 10374 10371 10368 2820 10365 8339 7634 8344 3893 8359 8354 7850 8805 3488 4187 5313 8807 8809 4156 4153 4152 2985 2989 10848
T2-r2000-3,congestion,cch,3,SUCCESS,1.3396,1.2578,0.0818,7204,118,3925.991,477.3639,3506.094,420.7313,1137.7246,true,10034 1207 1204 1201 1198 1195 10011 10027 10008 10024 7867 1846 1849 1852 1855 1858 1862 1270 8386 1893 1897 1900 1903 1906 1909 1912 1915 1918 1921 1924 1927 1930 1934 1939 8284 8218 7623 3125 3108 7682 567 7690 10374 10371 10368 2820 10365 8339 7634 8344 3893 8359 8354 7850 8805 3488 4187 5313 8807 8809 4156 4153 4152 2985 2989 10848
T2-r2000-3,congestion,cch,4,SUCCESS,1.5655,1.2746,0.2909,7204,118,3925.991,477.3639,3506.094,420.7313,1137.7246,true,10034 1207 1204 1201 1198 1195 10011 10027 10008 10024 7867 1846 1849 1852 1855 1858 1862 1270 8386 1893 1897 1900 1903 1906 1909 1912 1915 1918 1921 1924 1927 1930 1934 1939 8284 8218 7623 3125 3108 7682 567 7690 10374 10371 10368 2820 10365 8339 7634 8344 3893 8359 8354 7850 8805 3488 4187 5313 8807 8809 4156 4153 4152 2985 2989 10848
T2-r2000-3,congestion,cch,5,SUCCESS,1.5533,1.2631,0.2902,7204,118,3925.991,477.3639,3506.094,420.7313,1137.7246,true,10034 1207 1204 1201 1198 1195 10011 10027 10008 10024 7867 1846 1849 1852 1855 1858 1862 1270 8386 1893 1897 1900 1903 1906 1909 1912 1915 1918 1921 1924 1927 1930 1934 1939 8284 8218 7623 3125 3108 7682 567 7690 10374 10371 10368 2820 10365 8339 7634 8344 3893 8359 8354 7850 8805 3488 4187 5313 8807 8809 4156 4153 4152 2985 2989 10848
T2-r2000-3,congestion,lpa,1,SUCCESS,3.8221,,,,499,3925.991,477.3639,3506.094,420.7313,1137.7246,true,10034 1207 1204 1201 1198 1195 10011 10027 10008 10024 7867 1846 1849 1852 1855 1858 1862 1270 8386 1893 1897 1900 1903 1906 1909 1912 1915 1918 1921 1924 1927 1930 1934 1939 8284 8218 7623 3125 3108 7682 567 7690 10374 10371 10368 2820 10365 8339 7634 8344 3893 8359 8354 7850 8805 3488 4187 5313 8807 8809 4156 4153 4152 2985 2989 10848
T2-r2000-3,congestion,lpa,2,SUCCESS,1.8217,,,,499,3925.991,477.3639,3506.094,420.7313,1137.7246,true,10034 1207 1204 1201 1198 1195 10011 10027 10008 10024 7867 1846 1849 1852 1855 1858 1862 1270 8386 1893 1897 1900 1903 1906 1909 1912 1915 1918 1921 1924 1927 1930 1934 1939 8284 8218 7623 3125 3108 7682 567 7690 10374 10371 10368 2820 10365 8339 7634 8344 3893 8359 8354 7850 8805 3488 4187 5313 8807 8809 4156 4153 4152 2985 2989 10848
T2-r2000-3,congestion,lpa,3,SUCCESS,3.838,,,,499,3925.991,477.3639,3506.094,420.7313,1137.7246,true,10034 1207 1204 1201 1198 1195 10011 10027 10008 10024 7867 1846 1849 1852 1855 1858 1862 1270 8386 1893 1897 1900 1903 1906 1909 1912 1915 1918 1921 1924 1927 1930 1934 1939 8284 8218 7623 3125 3108 7682 567 7690 10374 10371 10368 2820 10365 8339 7634 8344 3893 8359 8354 7850 8805 3488 4187 5313 8807 8809 4156 4153 4152 2985 2989 10848
T2-r2000-3,congestion,lpa,4,SUCCESS,2.6637,,,,499,3925.991,477.3639,3506.094,420.7313,1137.7246,true,10034 1207 1204 1201 1198 1195 10011 10027 10008 10024 7867 1846 1849 1852 1855 1858 1862 1270 8386 1893 1897 1900 1903 1906 1909 1912 1915 1918 1921 1924 1927 1930 1934 1939 8284 8218 7623 3125 3108 7682 567 7690 10374 10371 10368 2820 10365 8339 7634 8344 3893 8359 8354 7850 8805 3488 4187 5313 8807 8809 4156 4153 4152 2985 2989 10848
T2-r2000-3,congestion,lpa,5,SUCCESS,2.4903,,,,499,3925.991,477.3639,3506.094,420.7313,1137.7246,true,10034 1207 1204 1201 1198 1195 10011 10027 10008 10024 7867 1846 1849 1852 1855 1858 1862 1270 8386 1893 1897 1900 1903 1906 1909 1912 1915 1918 1921 1924 1927 1930 1934 1939 8284 8218 7623 3125 3108 7682 567 7690 10374 10371 10368 2820 10365 8339 7634 8344 3893 8359 8354 7850 8805 3488 4187 5313 8807 8809 4156 4153 4152 2985 2989 10848
T2-r2000-3,closure,astar,1,SUCCESS,1.263,,,,447,3585.8805,430.3057,3506.094,420.7313,,true,10034 1207 1204 1201 1198 1195 10011 10027 10008 10024 7867 1846 1849 1852 1855 1858 1862 1270 8386 1894 7738 7735 7732 7731 3168 3165 3163 7856 7608 7610 7612 7614 523 2720 2717 2714 2694 2698 8288 2823 7961 2829 2828 4141 4144 3003 3000 2997 2993 2990 2989 10848
T2-r2000-3,closure,astar,2,SUCCESS,0.7444,,,,447,3585.8805,430.3057,3506.094,420.7313,,true,10034 1207 1204 1201 1198 1195 10011 10027 10008 10024 7867 1846 1849 1852 1855 1858 1862 1270 8386 1894 7738 7735 7732 7731 3168 3165 3163 7856 7608 7610 7612 7614 523 2720 2717 2714 2694 2698 8288 2823 7961 2829 2828 4141 4144 3003 3000 2997 2993 2990 2989 10848
T2-r2000-3,closure,astar,3,SUCCESS,1.3903,,,,447,3585.8805,430.3057,3506.094,420.7313,,true,10034 1207 1204 1201 1198 1195 10011 10027 10008 10024 7867 1846 1849 1852 1855 1858 1862 1270 8386 1894 7738 7735 7732 7731 3168 3165 3163 7856 7608 7610 7612 7614 523 2720 2717 2714 2694 2698 8288 2823 7961 2829 2828 4141 4144 3003 3000 2997 2993 2990 2989 10848
T2-r2000-3,closure,astar,4,SUCCESS,0.5923,,,,447,3585.8805,430.3057,3506.094,420.7313,,true,10034 1207 1204 1201 1198 1195 10011 10027 10008 10024 7867 1846 1849 1852 1855 1858 1862 1270 8386 1894 7738 7735 7732 7731 3168 3165 3163 7856 7608 7610 7612 7614 523 2720 2717 2714 2694 2698 8288 2823 7961 2829 2828 4141 4144 3003 3000 2997 2993 2990 2989 10848
T2-r2000-3,closure,astar,5,SUCCESS,1.5016,,,,447,3585.8805,430.3057,3506.094,420.7313,,true,10034 1207 1204 1201 1198 1195 10011 10027 10008 10024 7867 1846 1849 1852 1855 1858 1862 1270 8386 1894 7738 7735 7732 7731 3168 3165 3163 7856 7608 7610 7612 7614 523 2720 2717 2714 2694 2698 8288 2823 7961 2829 2828 4141 4144 3003 3000 2997 2993 2990 2989 10848
T2-r2000-3,closure,cch,1,SUCCESS,1.0713,0.7738,0.2975,3852,118,3585.8805,430.3057,3506.094,420.7313,,true,10034 1207 1204 1201 1198 1195 10011 10027 10008 10024 7867 1846 1849 1852 1855 1858 1862 1270 8386 1894 7738 7735 7732 7731 3168 3165 3163 7856 7608 7610 7612 7614 523 2720 2717 2714 2694 2698 8288 2823 7961 2829 2828 4141 4144 3003 3000 2997 2993 2990 2989 10848
T2-r2000-3,closure,cch,2,SUCCESS,1.0593,0.7757,0.2836,3852,118,3585.8805,430.3057,3506.094,420.7313,,true,10034 1207 1204 1201 1198 1195 10011 10027 10008 10024 7867 1846 1849 1852 1855 1858 1862 1270 8386 1894 7738 7735 7732 7731 3168 3165 3163 7856 7608 7610 7612 7614 523 2720 2717 2714 2694 2698 8288 2823 7961 2829 2828 4141 4144 3003 3000 2997 2993 2990 2989 10848
T2-r2000-3,closure,cch,3,SUCCESS,1.1375,0.7721,0.3654,3852,118,3585.8805,430.3057,3506.094,420.7313,,true,10034 1207 1204 1201 1198 1195 10011 10027 10008 10024 7867 1846 1849 1852 1855 1858 1862 1270 8386 1894 7738 7735 7732 7731 3168 3165 3163 7856 7608 7610 7612 7614 523 2720 2717 2714 2694 2698 8288 2823 7961 2829 2828 4141 4144 3003 3000 2997 2993 2990 2989 10848
T2-r2000-3,closure,cch,4,SUCCESS,0.8832,0.7607,0.1225,3852,118,3585.8805,430.3057,3506.094,420.7313,,true,10034 1207 1204 1201 1198 1195 10011 10027 10008 10024 7867 1846 1849 1852 1855 1858 1862 1270 8386 1894 7738 7735 7732 7731 3168 3165 3163 7856 7608 7610 7612 7614 523 2720 2717 2714 2694 2698 8288 2823 7961 2829 2828 4141 4144 3003 3000 2997 2993 2990 2989 10848
T2-r2000-3,closure,cch,5,SUCCESS,0.9039,0.8142,0.0897,3852,118,3585.8805,430.3057,3506.094,420.7313,,true,10034 1207 1204 1201 1198 1195 10011 10027 10008 10024 7867 1846 1849 1852 1855 1858 1862 1270 8386 1894 7738 7735 7732 7731 3168 3165 3163 7856 7608 7610 7612 7614 523 2720 2717 2714 2694 2698 8288 2823 7961 2829 2828 4141 4144 3003 3000 2997 2993 2990 2989 10848
T2-r2000-3,closure,lpa,1,SUCCESS,2.3564,,,,229,3585.8805,430.3057,3506.094,420.7313,,true,10034 1207 1204 1201 1198 1195 10011 10027 10008 10024 7867 1846 1849 1852 1855 1858 1862 1270 8386 1894 7738 7735 7732 7731 3168 3165 3163 7856 7608 7610 7612 7614 523 2720 2717 2714 2694 2698 8288 2823 7961 2829 2828 4141 4144 3003 3000 2997 2993 2990 2989 10848
T2-r2000-3,closure,lpa,2,SUCCESS,0.9305,,,,229,3585.8805,430.3057,3506.094,420.7313,,true,10034 1207 1204 1201 1198 1195 10011 10027 10008 10024 7867 1846 1849 1852 1855 1858 1862 1270 8386 1894 7738 7735 7732 7731 3168 3165 3163 7856 7608 7610 7612 7614 523 2720 2717 2714 2694 2698 8288 2823 7961 2829 2828 4141 4144 3003 3000 2997 2993 2990 2989 10848
T2-r2000-3,closure,lpa,3,SUCCESS,1.3696,,,,229,3585.8805,430.3057,3506.094,420.7313,,true,10034 1207 1204 1201 1198 1195 10011 10027 10008 10024 7867 1846 1849 1852 1855 1858 1862 1270 8386 1894 7738 7735 7732 7731 3168 3165 3163 7856 7608 7610 7612 7614 523 2720 2717 2714 2694 2698 8288 2823 7961 2829 2828 4141 4144 3003 3000 2997 2993 2990 2989 10848
T2-r2000-3,closure,lpa,4,SUCCESS,1.5653,,,,229,3585.8805,430.3057,3506.094,420.7313,,true,10034 1207 1204 1201 1198 1195 10011 10027 10008 10024 7867 1846 1849 1852 1855 1858 1862 1270 8386 1894 7738 7735 7732 7731 3168 3165 3163 7856 7608 7610 7612 7614 523 2720 2717 2714 2694 2698 8288 2823 7961 2829 2828 4141 4144 3003 3000 2997 2993 2990 2989 10848
T2-r2000-3,closure,lpa,5,SUCCESS,2.4255,,,,229,3585.8805,430.3057,3506.094,420.7313,,true,10034 1207 1204 1201 1198 1195 10011 10027 10008 10024 7867 1846 1849 1852 1855 1858 1862 1270 8386 1894 7738 7735 7732 7731 3168 3165 3163 7856 7608 7610 7612 7614 523 2720 2717 2714 2694 2698 8288 2823 7961 2829 2828 4141 4144 3003 3000 2997 2993 2990 2989 10848
T2-r2000-3,both,astar,1,SUCCESS,1.5646,,,,593,3826.2849,478.1965,3506.094,420.7313,,true,10034 1207 1204 1201 1198 1195 10011 10027 10008 10024 7867 1846 1849 1852 1855 1858 1862 1270 8386 1893 1897 1900 1903 1906 1909 1912 1915 1918 1921 1924 1927 1930 1934 1939 8284 8218 7623 3125 3109 2741 2737 2736 2805 2808 2794 2817 2820 10365 8339 7634 8344 3893 8359 8354 7850 8805 3488 4187 5313 8807 8809 4156 4153 4152 2985 2989 10848
T2-r2000-3,both,astar,2,SUCCESS,0.9536,,,,593,3826.2849,478.1965,3506.094,420.7313,,true,10034 1207 1204 1201 1198 1195 10011 10027 10008 10024 7867 1846 1849 1852 1855 1858 1862 1270 8386 1893 1897 1900 1903 1906 1909 1912 1915 1918 1921 1924 1927 1930 1934 1939 8284 8218 7623 3125 3109 2741 2737 2736 2805 2808 2794 2817 2820 10365 8339 7634 8344 3893 8359 8354 7850 8805 3488 4187 5313 8807 8809 4156 4153 4152 2985 2989 10848
T2-r2000-3,both,astar,3,SUCCESS,0.5353,,,,593,3826.2849,478.1965,3506.094,420.7313,,true,10034 1207 1204 1201 1198 1195 10011 10027 10008 10024 7867 1846 1849 1852 1855 1858 1862 1270 8386 1893 1897 1900 1903 1906 1909 1912 1915 1918 1921 1924 1927 1930 1934 1939 8284 8218 7623 3125 3109 2741 2737 2736 2805 2808 2794 2817 2820 10365 8339 7634 8344 3893 8359 8354 7850 8805 3488 4187 5313 8807 8809 4156 4153 4152 2985 2989 10848
T2-r2000-3,both,astar,4,SUCCESS,1.6082,,,,593,3826.2849,478.1965,3506.094,420.7313,,true,10034 1207 1204 1201 1198 1195 10011 10027 10008 10024 7867 1846 1849 1852 1855 1858 1862 1270 8386 1893 1897 1900 1903 1906 1909 1912 1915 1918 1921 1924 1927 1930 1934 1939 8284 8218 7623 3125 3109 2741 2737 2736 2805 2808 2794 2817 2820 10365 8339 7634 8344 3893 8359 8354 7850 8805 3488 4187 5313 8807 8809 4156 4153 4152 2985 2989 10848
T2-r2000-3,both,astar,5,SUCCESS,1.759,,,,593,3826.2849,478.1965,3506.094,420.7313,,true,10034 1207 1204 1201 1198 1195 10011 10027 10008 10024 7867 1846 1849 1852 1855 1858 1862 1270 8386 1893 1897 1900 1903 1906 1909 1912 1915 1918 1921 1924 1927 1930 1934 1939 8284 8218 7623 3125 3109 2741 2737 2736 2805 2808 2794 2817 2820 10365 8339 7634 8344 3893 8359 8354 7850 8805 3488 4187 5313 8807 8809 4156 4153 4152 2985 2989 10848
T2-r2000-3,both,cch,1,SUCCESS,1.5629,1.2647,0.2982,7325,118,3826.2849,478.1965,3506.094,420.7313,,true,10034 1207 1204 1201 1198 1195 10011 10027 10008 10024 7867 1846 1849 1852 1855 1858 1862 1270 8386 1893 1897 1900 1903 1906 1909 1912 1915 1918 1921 1924 1927 1930 1934 1939 8284 8218 7623 3125 3109 2741 2737 2736 2805 2808 2794 2817 2820 10365 8339 7634 8344 3893 8359 8354 7850 8805 3488 4187 5313 8807 8809 4156 4153 4152 2985 2989 10848
T2-r2000-3,both,cch,2,SUCCESS,1.5635,1.2657,0.2978,7325,118,3826.2849,478.1965,3506.094,420.7313,,true,10034 1207 1204 1201 1198 1195 10011 10027 10008 10024 7867 1846 1849 1852 1855 1858 1862 1270 8386 1893 1897 1900 1903 1906 1909 1912 1915 1918 1921 1924 1927 1930 1934 1939 8284 8218 7623 3125 3109 2741 2737 2736 2805 2808 2794 2817 2820 10365 8339 7634 8344 3893 8359 8354 7850 8805 3488 4187 5313 8807 8809 4156 4153 4152 2985 2989 10848
T2-r2000-3,both,cch,3,SUCCESS,1.5533,1.2635,0.2898,7325,118,3826.2849,478.1965,3506.094,420.7313,,true,10034 1207 1204 1201 1198 1195 10011 10027 10008 10024 7867 1846 1849 1852 1855 1858 1862 1270 8386 1893 1897 1900 1903 1906 1909 1912 1915 1918 1921 1924 1927 1930 1934 1939 8284 8218 7623 3125 3109 2741 2737 2736 2805 2808 2794 2817 2820 10365 8339 7634 8344 3893 8359 8354 7850 8805 3488 4187 5313 8807 8809 4156 4153 4152 2985 2989 10848
T2-r2000-3,both,cch,4,SUCCESS,1.579,1.2887,0.2903,7325,118,3826.2849,478.1965,3506.094,420.7313,,true,10034 1207 1204 1201 1198 1195 10011 10027 10008 10024 7867 1846 1849 1852 1855 1858 1862 1270 8386 1893 1897 1900 1903 1906 1909 1912 1915 1918 1921 1924 1927 1930 1934 1939 8284 8218 7623 3125 3109 2741 2737 2736 2805 2808 2794 2817 2820 10365 8339 7634 8344 3893 8359 8354 7850 8805 3488 4187 5313 8807 8809 4156 4153 4152 2985 2989 10848
T2-r2000-3,both,cch,5,SUCCESS,1.5805,1.2502,0.3303,7325,118,3826.2849,478.1965,3506.094,420.7313,,true,10034 1207 1204 1201 1198 1195 10011 10027 10008 10024 7867 1846 1849 1852 1855 1858 1862 1270 8386 1893 1897 1900 1903 1906 1909 1912 1915 1918 1921 1924 1927 1930 1934 1939 8284 8218 7623 3125 3109 2741 2737 2736 2805 2808 2794 2817 2820 10365 8339 7634 8344 3893 8359 8354 7850 8805 3488 4187 5313 8807 8809 4156 4153 4152 2985 2989 10848
T2-r2000-3,both,lpa,1,SUCCESS,3.5452,,,,500,3826.2849,478.1965,3506.094,420.7313,,true,10034 1207 1204 1201 1198 1195 10011 10027 10008 10024 7867 1846 1849 1852 1855 1858 1862 1270 8386 1893 1897 1900 1903 1906 1909 1912 1915 1918 1921 1924 1927 1930 1934 1939 8284 8218 7623 3125 3109 2741 2737 2736 2805 2808 2794 2817 2820 10365 8339 7634 8344 3893 8359 8354 7850 8805 3488 4187 5313 8807 8809 4156 4153 4152 2985 2989 10848
T2-r2000-3,both,lpa,2,SUCCESS,2.1805,,,,500,3826.2849,478.1965,3506.094,420.7313,,true,10034 1207 1204 1201 1198 1195 10011 10027 10008 10024 7867 1846 1849 1852 1855 1858 1862 1270 8386 1893 1897 1900 1903 1906 1909 1912 1915 1918 1921 1924 1927 1930 1934 1939 8284 8218 7623 3125 3109 2741 2737 2736 2805 2808 2794 2817 2820 10365 8339 7634 8344 3893 8359 8354 7850 8805 3488 4187 5313 8807 8809 4156 4153 4152 2985 2989 10848
T2-r2000-3,both,lpa,3,SUCCESS,4.6273,,,,500,3826.2849,478.1965,3506.094,420.7313,,true,10034 1207 1204 1201 1198 1195 10011 10027 10008 10024 7867 1846 1849 1852 1855 1858 1862 1270 8386 1893 1897 1900 1903 1906 1909 1912 1915 1918 1921 1924 1927 1930 1934 1939 8284 8218 7623 3125 3109 2741 2737 2736 2805 2808 2794 2817 2820 10365 8339 7634 8344 3893 8359 8354 7850 8805 3488 4187 5313 8807 8809 4156 4153 4152 2985 2989 10848
T2-r2000-3,both,lpa,4,SUCCESS,3.0081,,,,500,3826.2849,478.1965,3506.094,420.7313,,true,10034 1207 1204 1201 1198 1195 10011 10027 10008 10024 7867 1846 1849 1852 1855 1858 1862 1270 8386 1893 1897 1900 1903 1906 1909 1912 1915 1918 1921 1924 1927 1930 1934 1939 8284 8218 7623 3125 3109 2741 2737 2736 2805 2808 2794 2817 2820 10365 8339 7634 8344 3893 8359 8354 7850 8805 3488 4187 5313 8807 8809 4156 4153 4152 2985 2989 10848
T2-r2000-3,both,lpa,5,SUCCESS,3.2408,,,,500,3826.2849,478.1965,3506.094,420.7313,,true,10034 1207 1204 1201 1198 1195 10011 10027 10008 10024 7867 1846 1849 1852 1855 1858 1862 1270 8386 1893 1897 1900 1903 1906 1909 1912 1915 1918 1921 1924 1927 1930 1934 1939 8284 8218 7623 3125 3109 2741 2737 2736 2805 2808 2794 2817 2820 10365 8339 7634 8344 3893 8359 8354 7850 8805 3488 4187 5313 8807 8809 4156 4153 4152 2985 2989 10848
